Categoría,Página,Posición,Descripción,Precio Normal,Precio Descuento,Imagen URL,Tallas
"Outlet,1,1,Conjunto camisa manga sisa + falda con boleros para niña,179990.0,,Imagen no disponible,""10, 12, 14, 8"""
"Outlet,1,2,Buzo para bebé niño cerrado,45594.0,75990.0,https://offcorss.vtexassets.com/arquivos/ids/861360/31134401-Verde-12-0525_1.jpg?v=638584681006430000,""0-3M, 12M, 18M, 24M, 3-6M, 6-9M"""
"Outlet,1,3,Jardinera para bebé niña,53994.0,89990.0,https://offcorss.vtexassets.com/arquivos/ids/861384/32081271-Morado-15-3520_1.jpg?v=638584681252430000,""0-3M, 12M, 18M, 24M, 3-6M, 6-9M"""
"Outlet,1,4,Sudadera para niño,63594.0,105990.0,https://offcorss.vtexassets.com/arquivos/ids/861461/51269711-Azul-19-4024_1.jpg?v=638584681880200000,""10, 12, 14, 16, 8"""
"Outlet,1,5,Buzo para bebé niño abierto con capucha,47994.0,79990.0,https://offcorss.vtexassets.com/arquivos/ids/861336/31134391-Cafe-12-0601_1.jpg?v=638584680530330000,""0-3M, 12M, 18M, 24M, 3-6M, 6-9M"""
"Outlet,1,6,Sudadera para niña,53994.0,89990.0,https://offcorss.vtexassets.com/arquivos/ids/861441/42263761-Violeta-13-3820_1.jpg?v=638584681760670000,""2T, 3T, 4T, 5T, 6"""
"Outlet,1,7,Camiseta croptop para niña manga corta,29994.0,49990.0,https://offcorss.vtexassets.com/arquivos/ids/861481/52344632-Blanco-10-0000_1.jpg?v=638584681994700000,""10, 12, 14, 16, 8"""
"Outlet,1,8,Short para niña,41994.0,69990.0,https://offcorss.vtexassets.com/arquivos/ids/861426/42053991-Cafe-12-0601_1.jpg?v=638584681657070000,""2T, 3T, 4T, 5T, 6"""
"Outlet,1,9,Conjunto para bebé niño de camiseta + sudadera,51594.0,85990.0,Imagen no disponible,""0-3M, 12M, 18M, 24M, 3-6M, 6-9M"""
"Outlet,1,10,Body para bebé niña manga corta,23994.0,39990.0,https://offcorss.vtexassets.com/arquivos/ids/863678/Body-para-recien-nacida-niña-manga-corta.jpg?v=638600395374600000,""0-3M, 12M, 18M, 24M, 3-6M, 6-9M"""
"Outlet,1,11,Vestido de baño tankini para niña,87594.0,145990.0,Imagen no disponible,""10, 12, 14, 16, 8"""
"Outlet,1,12,Pantalón para niña,65994.0,109990.0,https://offcorss.vtexassets.com/arquivos/ids/858635/42264051-Amarillo-11-0602_1.jpg?v=638557105772330000,""2T, 3T, 4T, 5T, 6"""
"Outlet,1,13,Body manga corta para bebé niño,11940.0,19900.0,https://offcorss.vtexassets.com/arquivos/ids/858614/31114771-Azul-18-3946_1.jpg?v=638557038180800000,""12M, 18M, 3-6M, 6-9M"""
"Outlet,1,14,Camiseta para niña manga sisa con recogidos en hombros,29994.0,49990.0,Imagen no disponible,""2T, 3T, 4T, 5T, 6"""
"Outlet,1,15,Chaqueta para niña en denim silueta trucker,93594.0,155990.0,Imagen no disponible,""10, 12, 14, 16, 8"""
"Outlet,1,16,Pantalón para niño con bolsillos asimétricos,69594.0,115990.0,Imagen no disponible,""2T, 3T, 4T, 5T, 6"""
"Outlet,1,17,Camiseta para niño manga corta con bolsillo,39594.0,65990.0,Imagen no disponible,""10, 12, 14, 16, 8"""
"Outlet,1,18,Chaqueta para niña rompevientos,83994.0,139990.0,Imagen no disponible,""L, M, S, XS"""
"Outlet,1,19,Sudadera para niña silueta wide leg,71994.0,119990.0,Imagen no disponible,""L, M, S, XS"""
"Outlet,1,20,Buzo para niño cerrado con bolsillo,57594.0,95990.0,Imagen no disponible,""2T, 3T, 4T, 5T, 6"""
"Outlet,1,21,Sudadera para niña con bolsillos,53994.0,89990.0,Imagen no disponible,""2T, 3T, 4T, 5T, 6"""
"Outlet,1,22,Overall largo para niña con bolsillos,71994.0,119990.0,Imagen no disponible,""2T, 3T, 4T, 5T, 6"""
"Outlet,1,23,Conjunto para niña de camiseta manga corta + pantalón,95994.0,159990.0,Imagen no disponible,""10, 12, 14, 16, 8"""
"Outlet,1,24,Chaleco para niña con bolsillos de parche,53994.0,89990.0,https://offcorss.vtexassets.com/arquivos/ids/857806/42280001-Amarillo-11-0604_1.jpg?v=638545062071670000,""L, M, S"""
"Outlet,2,1,Camisa manga corta para niño,53994.0,89990.0,Imagen no disponible,""2T, 3T, 4T, 5T, 6"""
"Outlet,2,2,Conjunto para niña de camisa manga sisa + pantalón,87594.0,145990.0,Imagen no disponible,""2T, 3T, 4T, 5T, 6"""
"Outlet,2,3,Pantalón para niña silueta slouchy,59994.0,99990.0,Imagen no disponible,""2T, 3T, 4T, 5T, 6"""
"Outlet,2,4,Conjunto para niña de camiseta manga corta + short deportivo,81594.0,135990.0,Imagen no disponible,""L, M, S, XS"""
"Outlet,2,5,Chaleco para niña con bolsillos de parche,53994.0,89990.0,Imagen no disponible,""XS, XXS"""
"Outlet,2,6,Vestido para niña manga corta con frente cruzado,63594.0,105990.0,Imagen no disponible,""10, 12, 14, 16, 8"""
"Outlet,2,7,Conjunto para niña de top + panty tipo boxer,34794.0,57990.0,https://offcorss.vtexassets.com/arquivos/ids/858037/52203321-Violeta-15-3412_1.jpg?v=638545063183300000,""L, M, S"""
"Outlet,2,8,Camisa para niña manga corta con botones,53994.0,89990.0,Imagen no disponible,""10, 12, 14, 16, 8"""
"Outlet,2,9,Vestido para niña manga larga con cuello,75594.0,125990.0,Imagen no disponible,""2T, 3T, 4T, 5T, 6"""
"Outlet,2,10,Buzo para niño oversize con estampado en espalda,63594.0,105990.0,Imagen no disponible,""10, 12, 14, 16, 8"""
"Outlet,2,11,Conjunto para niña de camiseta manga corta + pantalón,95994.0,159990.0,Imagen no disponible,""10, 12, 14, 16, 8"""
"Outlet,2,12,Sudadera para niña con bolsillos,53994.0,89990.0,Imagen no disponible,""2T, 3T, 4T, 5T, 6"""
"Outlet,2,13,Tenis para niña deportivos,99594.0,165990.0,Imagen no disponible,""30, 31, 32, 33, 34, 35, 36, 37, 38, 39"""
"Outlet,2,14,Camiseta para niño tipo polo,47994.0,79990.0,Imagen no disponible,""10, 12, 14, 16, 8"""
"Outlet,2,15,Camiseta para niño tipo polo con bolsillo,45594.0,75990.0,Imagen no disponible,""2T, 3T, 4T, 5T, 6"""
"Outlet,2,16,Tenis para niño con bloques de color,93594.0,155990.0,Imagen no disponible,""22, 23, 24, 25, 26, 27, 28, 29"""
"Outlet,2,17,Bermuda para niño con bolsillo asimétrico,69594.0,115990.0,Imagen no disponible,""10, 12, 14, 16, 8"""
"Outlet,2,18,Jean super skinny para niña,71994.0,119990.0,Imagen no disponible,""2T, 3T, 4T, 5T, 6"""
"Outlet,2,19,Camiseta para niño manga corta con bolsillo,29994.0,49990.0,Imagen no disponible,""2T, 3T, 4T, 5T, 6"""
"Outlet,2,20,Vestido de baño tankini para bebé niña,75594.0,125990.0,https://offcorss.vtexassets.com/arquivos/ids/848975/42022181-Naranja-16-1462_1.jpg?v=638497574288070000,""12M, 18M, 24M, 6-9M"""
"Outlet,2,21,Vestido de baño entero manga sisa para bebé niña,63594.0,105990.0,Imagen no disponible,""12M, 18M, 24M, 6-9M"""
"Outlet,2,22,Camiseta de baño manga larga para bebé niño,59994.0,99990.0,Imagen no disponible,""12M, 18M, 24M, 6-9M"""
"Outlet,2,23,Pantaloneta de baño para bebé niño,57594.0,95990.0,https://offcorss.vtexassets.com/arquivos/ids/830676/41058561-Azul-19-3921_1.jpg?v=638423226806670000,""12M, 18M, 24M, 6-9M"""
"Outlet,2,24,Pantaloneta de baño para bebé niño,57594.0,95990.0,https://offcorss.vtexassets.com/arquivos/ids/830639/41058551-Azul-18-3949_1.jpg?v=638423226576830000,""12M, 18M, 24M, 6-9M"""
"Outlet,3,1,Pantaloneta de baño para bebé niño,57594.0,95990.0,Imagen no disponible,""12M, 18M, 24M, 6-9M"""
"Outlet,3,2,Camiseta de baño manga larga para bebé niño,59994.0,99990.0,https://offcorss.vtexassets.com/arquivos/ids/830794/41337021-Azul-18-3949_1.jpg?v=638423227681170000,""12M, 18M, 24M, 6-9M"""
"Outlet,3,3,Camiseta de baño manga larga para bebé niño,59994.0,99990.0,https://offcorss.vtexassets.com/arquivos/ids/830713/41337001-Azul-19-3921_1.jpg?v=638423227057530000,""12M, 18M, 24M, 6-9M"""
"Outlet,3,4,Vestido de baño bikini doble faz para bebé niña,63594.0,105990.0,Imagen no disponible,""12M, 18M, 24M, 6-9M"""
"Outlet,3,5,Vestido de baño entero para bebé niña,75594.0,125990.0,https://offcorss.vtexassets.com/arquivos/ids/848993/42022191-Violeta-14-3812_1.jpg?v=638497574368770000,""12M, 18M, 24M, 6-9M"""
"Outlet,3,6,Vestido de baño entero manga sisa para bebé niña,59994.0,99990.0,Imagen no disponible,""12M, 18M, 24M, 6-9M"""
"Outlet,3,7,Vestido de baño entero manga sisa para bebé niña,63594.0,105990.0,Imagen no disponible,""12M, 18M, 24M, 6-9M"""
"Outlet,3,8,Bermuda para niño,39594.0,65990.0,https://offcorss.vtexassets.com/arquivos/ids/858493/41058241-Verde-19-5220_1.jpg?v=638551069286830000,""2T, 3T, 4T, 5T, 6"""
"Outlet,3,9,Pantalón de sudadera para niño,53994.0,89990.0,https://offcorss.vtexassets.com/arquivos/ids/858528/41264491-Rojo-18-1660_1.jpg?v=638551771659800000,""2T, 3T, 4T, 5T, 6"""
"Outlet,3,10,Pantaloneta de baño para niño,47994.0,79990.0,https://offcorss.vtexassets.com/arquivos/ids/854314/41020041-Azul-19-4024_1.jpg?v=638532208637300000,""2T, 3T, 4T, 5T, 6"""
"Outlet,3,11,Body manga corta para bebé niño,22194.0,36990.0,https://offcorss.vtexassets.com/arquivos/ids/854228/33113521-Amarillo-12-0824_1.jpg?v=638527858391870000,""0-3M, 12M, 18M, 24M, 3-6M, 6-9M"""
"Outlet,3,12,Camisa manga corta con boleros para niña,59994.0,99990.0,https://offcorss.vtexassets.com/arquivos/ids/854240/42045711-Gris-11-0601_1.jpg?v=638527858442170000,""2T, 3T, 4T, 5T, 6"""
"Outlet,3,13,Falda midi con bolsillo de parche para niña,59994.0,99990.0,https://offcorss.vtexassets.com/arquivos/ids/854280/52075801-Gris-13-4108_1.jpg?v=638527858622100000,""10, 12, 14, 16, 8"""
"Outlet,3,14,Camiseta de pijama para niño,27594.0,45990.0,https://offcorss.vtexassets.com/arquivos/ids/863485/41337043-Verde-12-6205_5.jpg?v=638600295704430000,""2T, 3T, 4T, 5T, 6"""
"Outlet,3,15,Pantalón largo de pijama para niña,53994.0,89990.0,https://offcorss.vtexassets.com/arquivos/ids/858551/52270731-Rosado-14-2710_1.jpg?v=638551798689300000,""10, 12, 14, 16, 8"""
"Outlet,3,16,Denim silueta super skinny para niña,63594.0,105990.0,https://offcorss.vtexassets.com/arquivos/ids/854327/42361082-Indigo-Medio_1.jpg?v=638532288080870000,""2T, 3T, 4T, 5T"""
"Outlet,3,17,Pantalón con cargaderas para bebé niño,53994.0,89990.0,https://offcorss.vtexassets.com/arquivos/ids/860509/31067541-Cafe-16-1336_1.jpg?v=638563009674430000,""0-3M, 12M, 18M, 24M, 3-6M, 6-9M"""
"Outlet,3,18,Pantalón con prenses para niña,81594.0,135990.0,https://offcorss.vtexassets.com/arquivos/ids/854331/52270602-Violeta-13-3820_1.jpg?v=638532290334800000,""10, 12, 14, 16, 8"""
"Outlet,3,19,Pantalón silueta ancha para niña,77994.0,129990.0,https://offcorss.vtexassets.com/arquivos/ids/854300/52270562-Cafe-12-0601_1.jpg?v=638527858698630000,""10, 12, 14, 16, 8"""
"Outlet,3,20,Vestido tipo camisa manga larga para niña,69594.0,115990.0,https://offcorss.vtexassets.com/arquivos/ids/854270/52018271-Blanco-10-0000_1.jpg?v=638527858584330000,""10, 12, 14, 16, 8"""
"Outlet,3,21,Buzo cerrado de personaje para bebé niño,50940.0,84900.0,https://offcorss.vtexassets.com/arquivos/ids/860581/31134181-Beige-12-0804_1.jpg?v=638563010070100000,""12M, 18M, 24M, 3-6M, 6-9M"""
"Outlet,3,22,Denim silueta super skinny para niña,63594.0,105990.0,https://offcorss.vtexassets.com/arquivos/ids/854329/42361081-Indigo-Claro_1.jpg?v=638532289032100000,""2T, 3T, 4T, 5T"""
"Outlet,3,23,Pantaloneta de baño para niño,47994.0,79990.0,https://offcorss.vtexassets.com/arquivos/ids/854312/41020043-Verde-13-5313_1.jpg?v=638532207337330000,""2T, 3T, 4T, 5T, 6"""
"Outlet,3,24,Buzo estampado cerrado para bebé niña,29994.0,49990.0,https://offcorss.vtexassets.com/arquivos/ids/858473/32134421-Rosado-12-1305_1.jpg?v=638550982682970000,""0-3M, 12M, 18M, 24M, 3-6M, 6-9M"""
"Outlet,4,1,Falda-short con boleros para niña,26396.0,65990.0,https://offcorss.vtexassets.com/arquivos/ids/854250/42074112-Amarillo-15-1046_1.jpg?v=638527858498530000,""24, 2T, 3T, 4T, 5T"""
"Outlet,4,2,Enterizo corto para niña,47995.0,95990.0,https://offcorss.vtexassets.com/arquivos/ids/854290/52210361-Amarillo-15-1046_1.jpg?v=638527858660800000,""10, 12, 14, 16, 8"""
"Outlet,4,3,Body manga larga con hombro cruzado para bebé niña,22194.0,36990.0,https://offcorss.vtexassets.com/arquivos/ids/863478/32117882-Rosado-14-1907_2.jpg?v=638600256474630000,""0-3M, 12M, 18M, 24M, 3-6M, 6-9M"""
"Outlet,4,4,Camisa manga larga con bolero para niña,57594.0,95990.0,https://offcorss.vtexassets.com/arquivos/ids/854321/42045251-Amarillo-15-1046_1.jpg?v=638532214281630000,""24, 2T, 3T, 4T, 5T"""
"Outlet,4,5,Camiseta para niña manga corta,23994.0,39990.0,https://offcorss.vtexassets.com/arquivos/ids/854072/42241667-Gris-11-0601_1.jpg?v=638527857741370000,""24, 2T, 3T, 4T, 5T"""
"Outlet,4,6,Leggings para niña,27594.0,45990.0,Imagen no disponible,""2T, 3T, 4T, 5T, 6"""
"Outlet,4,7,Overall para bebé niña,47994.0,79990.0,https://offcorss.vtexassets.com/arquivos/ids/849876/32081185-Gris-11-0601_1.jpg?v=638500903127600000,""0-3M, 12M, 18M, 24M, 3-6M, 6-9M"""
"Outlet,4,8,Pantalón para niño,63594.0,105990.0,https://offcorss.vtexassets.com/arquivos/ids/784400/41264392-Cafe-17-1052_1.jpg?v=638160830255330000,""2T, 3T, 4T, 5T, 6"""
"Outlet,4,9,Falda short para niña,47994.0,79990.0,Imagen no disponible,""2T, 3T, 4T, 5T, 6, 2T, 3T, 4T, 5T, 6"""
"Outlet,4,10,Camiseta para niña con frente cruzado,33594.0,55990.0,https://offcorss.vtexassets.com/arquivos/ids/817268/52344071-Negro-19-4008_1.jpg?v=638336837851930000,""10, 12, 14, 16, 8"""
"Outlet,4,11,Jean slouchy para niña,69594.0,115990.0,https://offcorss.vtexassets.com/arquivos/ids/854172/42361152-Indigo-Claro_1.jpg?v=638527858165800000,""2T, 3T, 4T, 5T, 6"""
"Outlet,4,12,Camisa con boleros para niña,59994.0,99990.0,https://offcorss.vtexassets.com/arquivos/ids/827127/42045582-Violeta-13-3820_1.jpg?v=638385314580330000,""2T, 3T, 4T, 5T, 6, 2T, 3T, 4T, 5T, 6"""
"Outlet,4,13,Camiseta para niño manga larga,35994.0,59990.0,https://offcorss.vtexassets.com/arquivos/ids/849602/41334801-Gris-Jaspe_1.jpg?v=638497577783300000,""24, 2T, 3T, 4T, 5T"""
"Outlet,4,14,Vestido de baño entero para niña,53994.0,89990.0,https://offcorss.vtexassets.com/arquivos/ids/853969/42021732-Rosado-15-1626_1.jpg?v=638527857200300000,""2T, 3T, 4T, 5T, 6"""
"Outlet,4,15,Vestido para niña con abertura en hombro,59994.0,99990.0,https://offcorss.vtexassets.com/arquivos/ids/850271/52018901-Cafe-12-0601_1.jpg?v=638500905577470000,""10, 12, 14, 16, 8"""
"Outlet,4,16,Vestido de baño entero para niña,53994.0,89990.0,https://offcorss.vtexassets.com/arquivos/ids/853967/42021733-Blanco-10-0000_1.jpg?v=638527857188900000,""2T, 3T, 4T, 5T, 6"""
"Outlet,4,17,Pantaloneta de baño para niño,47994.0,79990.0,https://offcorss.vtexassets.com/arquivos/ids/853842/41020042-Azul-14-4214_1.jpg?v=638527856539470000,""2T, 3T, 4T, 5T, 6"""
"Outlet,4,18,Pijama para niña camiseta manga larga + pantalón,59994.0,99990.0,https://offcorss.vtexassets.com/arquivos/ids/850341/52093992-Azul-16-4013_1.jpg?v=638500905921400000,""10, 12, 14, 16, 8"""
"Outlet,4,19,Pantalón sudadera para niña,51594.0,85990.0,https://offcorss.vtexassets.com/arquivos/ids/854152/42264072-Violeta-14-3206_1.jpg?v=638527858084630000,""2T, 3T, 4T, 5T, 6"""
"Outlet,4,20,Vestido de baño entero para niña,59994.0,99990.0,https://offcorss.vtexassets.com/arquivos/ids/850321/52023282-Rosado-15-1626_1.jpg?v=638500905820700000,""10, 12, 14, 16, 8"""
"Outlet,4,21,Body tipo kimon para bebé niño unisex manga larga,25794.0,42990.0,https://offcorss.vtexassets.com/arquivos/ids/850158/33113232-Blanco-11-4202_1.jpg?v=638500904889830000,""0-3M, 12M, 18M, 24M, 3-6M, 6-9M"""
"Outlet,4,22,Leggings para niña,30594.0,50990.0,https://offcorss.vtexassets.com/arquivos/ids/854132/42263541-Rosado-11-1408_1.jpg?v=638527858007800000,""2T, 3T, 4T, 5T, 6"""
"Outlet,4,23,Body para bebé niño manga corta,23994.0,39990.0,https://offcorss.vtexassets.com/arquivos/ids/850136/33113192-Gris-Jaspe_1.jpg?v=638500904784500000,""0-3M, 12M, 18M, 24M, 3-6M, 6-9M"""
"Outlet,4,24,Jean super skinny para niña,65994.0,109990.0,https://offcorss.vtexassets.com/arquivos/ids/854182/42361271-Indigo-Claro_1.jpg?v=638527858208230000,""2T, 3T, 4T, 5T, 6"""
"Outlet,5,1,Body kimono manga larga para bebé niña,23994.0,39990.0,https://offcorss.vtexassets.com/arquivos/ids/849900/32118141-Rosado-11-1408_1.jpg?v=638500903239130000,""0-3M, 12M, 18M, 24M, 3-6M, 6-9M"""
"Outlet,5,2,Vestido de baño entero para niña,53994.0,89990.0,https://offcorss.vtexassets.com/arquivos/ids/853971/42021731-Amarillo-12-0740_1.jpg?v=638527857209030000,""2T, 3T, 4T, 5T, 6"""
"Outlet,5,3,Vestido para niña con abertura en hombro,59994.0,99990.0,https://offcorss.vtexassets.com/arquivos/ids/850281/52018911-Cafe-15-1216_1.jpg?v=638500905627330000,""10, 12, 14, 16, 8"""
"Outlet,5,4,Chaqueta beisbolera para niño,89994.0,149990.0,https://offcorss.vtexassets.com/arquivos/ids/850231/51532241-Negro-19-4008_1.jpg?v=638500905325530000,""10, 12, 14, 16, 8"""
"Outlet,5,5,Vestido midi para niña manga sisa,65994.0,109990.0,https://offcorss.vtexassets.com/arquivos/ids/850251/52018713-Rosado-15-1611_1.jpg?v=638500905441330000,""10, 12, 14, 16, 8"""
"Outlet,5,6,Camisa leñadora para niño manga larga,77394.0,128990.0,https://offcorss.vtexassets.com/arquivos/ids/850176/51049011-Gris-11-0601_1.jpg?v=638500904972700000,""10, 12, 14, 16, 8"""
"Outlet,5,7,Jean slouchy para niña,69594.0,115990.0,https://offcorss.vtexassets.com/arquivos/ids/806959/42361152-Indigo-Medio_1.jpg?v=638284889036400000,""2T, 3T, 4T, 5T, 6"""
"Outlet,5,8,Vestido para niña con cargaderas para anudar,59994.0,99990.0,https://offcorss.vtexassets.com/arquivos/ids/850241/52018592-Naranja-15-1239_1.jpg?v=638500905385670000,""10, 12, 14, 16, 8"""
"Outlet,5,9,Conjunto para bebé niña de body + vestido,71994.0,119990.0,https://offcorss.vtexassets.com/arquivos/ids/850038/32125231-Rosado-12-1305_1.jpg?v=638500904306730000,""0-3M, 12M, 18M, 24M, 3-6M, 6-9M"""
"Outlet,5,10,Camisa leñadora para niño manga larga,59994.0,99990.0,https://offcorss.vtexassets.com/arquivos/ids/853852/41047721-Gris-11-0601_1.jpg?v=638527856600870000,""2T, 3T, 4T, 5T, 6"""
"Outlet,5,11,Pantalón sudadera para niña,51594.0,85990.0,https://offcorss.vtexassets.com/arquivos/ids/854154/42264071-Coral-14-1228_1.jpg?v=638527858092500000,""2T, 3T, 4T, 5T, 6"""
"Outlet,5,12,Camiseta oversize para niña,29994.0,49990.0,https://offcorss.vtexassets.com/arquivos/ids/807256/52344862-Rosado-15-1611_1.jpg?v=638284890301770000,""10, 12, 14, 16, 8"""
"Outlet,5,13,Set x 2 bodies para bebé niño,41994.0,69990.0,https://offcorss.vtexassets.com/arquivos/ids/849828/31201582-Blanco-10-0000_1.jpg?v=638500902869500000,""0-3M, 12M, 18M, 24M, 3-6M, 6-9M"""
"Outlet,5,14,Conjunto para bebé niña de body + leggings,41994.0,69990.0,https://offcorss.vtexassets.com/arquivos/ids/850014/32125162-Rosado-13-2005_1.jpg?v=638500904174300000,""0-3M, 12M, 18M, 24M, 3-6M, 6-9M"""
"Outlet,5,15,Camiseta para niña con frente cruzado,33594.0,55990.0,https://offcorss.vtexassets.com/arquivos/ids/850413/52344071-Rosado-16-1440_1.jpg?v=638500906323800000,""10, 12, 14, 16, 8"""
"Outlet,5,16,Body manga corta para bebé niña,23994.0,39990.0,https://offcorss.vtexassets.com/arquivos/ids/849920/32118152-Gris-14-4103_1.jpg?v=638500903371030000,""0-3M, 12M, 18M, 24M, 3-6M, 6-9M"""
"Outlet,5,17,Camisa con boleros para niña,45594.0,75990.0,https://offcorss.vtexassets.com/arquivos/ids/853997/42045502-Rosado-11-1408_1.jpg?v=638527857331030000,""2T, 3T, 4T, 5T, 6"""
"Outlet,5,18,Camiseta para niña manga corta,23994.0,39990.0,https://offcorss.vtexassets.com/arquivos/ids/787897/42241667-Violeta-14-3812_1.jpg?v=638131914502570000,""2T, 3T, 4T, 5T"""
"Outlet,5,19,Camiseta para niña manga corta,35994.0,59990.0,https://offcorss.vtexassets.com/arquivos/ids/854082/42241911-Azul-19-3923_1.jpg?v=638527857779800000,""2T, 3T, 4T, 5T, 6"""
"Outlet,5,20,Camiseta para niña manga corta,31794.0,52990.0,https://offcorss.vtexassets.com/arquivos/ids/854092/42243032-Rosado-11-1408_1.jpg?v=638527857827170000,""2T, 3T, 4T, 5T, 6"""
"Outlet,5,21,Jean super skinny para niña,71994.0,119990.0,https://offcorss.vtexassets.com/arquivos/ids/850447/52361292-Indigo-Medio_1.jpg?v=638500906516170000,""10, 12, 14, 16, 6, 8"""
"Outlet,5,22,Set x 2 bodies para bebé niño,41994.0,69990.0,https://offcorss.vtexassets.com/arquivos/ids/849832/31201581-Gris-11-0601_1.jpg?v=638500902890670000,""0-3M, 12M, 18M, 24M, 3-6M, 6-9M"""
"Outlet,5,23,Conjunto para bebé niña de body + vestido,71994.0,119990.0,https://offcorss.vtexassets.com/arquivos/ids/850062/32125251-Cafe-12-0601_1.jpg?v=638500904414500000,""0-3M, 12M, 18M, 24M, 3-6M, 6-9M"""
"Outlet,5,24,Conjunto body + bermuda para recién nacido niño,57594.0,95990.0,https://offcorss.vtexassets.com/arquivos/ids/849738/31125341-Amarillo-13-0942_1.jpg?v=638500902400030000,""0-3M, 12M, 18M, 24M, 3-6M, 6-9M"""
"Bebés,1,1,Vestido para niña manga larga,119990.0,,Imagen no disponible,""2T, 3T, 4T, 5T, 6"""
"Bebés,1,2,Conjunto para niña de camiseta + leggins + pañoleta,110990.0,,Imagen no disponible,""2T, 3T, 4T, 5T, 6"""
"Bebés,1,3,Camiseta para niña con detalle en el frente,45990.0,,Imagen no disponible,""2T, 3T, 4T, 5T, 6"""
"Bebés,1,4,Sandalias para niña con correas,135990.0,,Imagen no disponible,""22, 23, 24, 25, 26, 27, 28, 29"""
"Bebés,1,5,Camiseta para niña manga corta con boleros,55990.0,,Imagen no disponible,""2T, 3T, 4T, 5T, 6"""
"Bebés,1,6,Tenis casuales para niña con  correas de velcro,139990.0,,Imagen no disponible,""22, 23, 24, 25, 26, 27, 28, 29"""
"Bebés,1,7,Overol para niña,129990.0,,Imagen no disponible,""2T, 3T, 4T, 5T, 6"""
"Bebés,1,8,Pantalón en denim para niña silueta ballon,125990.0,,Imagen no disponible,""2T, 3T, 4T, 5T, 6"""
"Bebés,1,9,Camiseta para niña con estampado manga corta,59990.0,,Imagen no disponible,""2T, 3T, 4T, 5T, 6"""
"Bebés,1,10,Chaqueta para niña tipo biker,199990.0,,Imagen no disponible,""L, M, S, XS, XXS"""
"Bebés,1,11,Tutú para niña midi,85990.0,,Imagen no disponible,""2T, 3T, 4T, 5T, 6"""
"Bebés,1,12,Camisa para niña manga corta con abertura en espalda,85990.0,,Imagen no disponible,""2T, 3T, 4T, 5T, 6"""
"Bebés,1,13,Jean para niña super skinny con diseño de nubes,119990.0,,Imagen no disponible,""2T, 3T, 4T, 5T, 6"""
"Bebés,1,14,Vestido corto para niña con espalda cruzada,89990.0,,Imagen no disponible,""2T, 3T, 4T, 5T, 6"""
"Bebés,1,15,Media pantalón para niña,49990.0,,https://offcorss.vtexassets.com/arquivos/ids/866690/Media-pantalon-para-niña.jpg?v=638615955622130000,""2T-3T, 4T-5T, 6-8"""
"Bebés,1,16,Tenis deportivos para niña con cordones que alumbran en la oscuridad,155990.0,,Imagen no disponible,""22, 23, 24, 25, 26, 27, 28, 29"""
"Bebés,1,17,Vestido de tiras para niña,89990.0,,Imagen no disponible,""2T, 3T, 4T, 5T, 6"""
"Bebés,1,18,Camiseta crop top para niña,55990.0,,Imagen no disponible,""2T, 3T, 4T, 5T, 6"""
"Bebés,1,19,Conjunto para niña de camiseta + falda short,125990.0,,Imagen no disponible,""2T, 3T, 4T, 5T, 6"""
"Bebés,1,20,Pantalón para niña con prenses,109990.0,,Imagen no disponible,""2T, 3T, 4T, 5T, 6"""
"Bebés,1,21,Tutú para niña,79990.0,,Imagen no disponible,""2T, 3T, 4T, 5T, 6"""
"Bebés,1,22,Botas para niña metalizadas con correa,175990.0,,Imagen no disponible,""22, 23, 24, 25, 26, 27, 28, 29"""
"Bebés,1,23,Jean para niña recto con botas dobladas,125990.0,,Imagen no disponible,""2T, 3T, 4T, 5T, 6"""
"Bebés,1,24,Camiseta crop top para niña,55990.0,,Imagen no disponible,""2T, 3T, 4T, 5T, 6"""
"Bebés,2,1,Vestido para niña manga corta con bolero,109990.0,,Imagen no disponible,""2T, 3T, 4T, 5T, 6"""
"Bebés,2,2,Tenis casuales para niña metalizados con luces,165990.0,,Imagen no disponible,""22, 23, 24, 25, 26, 27, 28, 29"""
"Bebés,2,3,Camisa para niña manga sisa,85990.0,,Imagen no disponible,""2T, 3T, 4T, 5T, 6"""
"Bebés,2,4,Short para niña con prenses,89990.0,,Imagen no disponible,""2T, 3T, 4T, 5T, 6"""
"Bebés,2,5,Tenis deportivos para niña,149990.0,,Imagen no disponible,""22, 23, 24, 25, 26, 27, 28, 29"""
"Bebés,2,6,Vestido para niña con boleros y abertura en la espalda,109990.0,,Imagen no disponible,""2T, 3T, 4T, 5T, 6"""
"Bebés,2,7,Body para niña con mini boleros,74990.0,,Imagen no disponible,""2T, 3T, 4T, 5T, 6"""
"Bebés,2,8,Camiseta para niña con estampado manga corta,59990.0,,Imagen no disponible,""2T, 3T, 4T, 5T, 6"""
"Bebés,2,9,Chaqueta para niña acolchada,159990.0,,Imagen no disponible,""L, M, S"""
"Bebés,2,10,Chaqueta con personaje de unicornio para niña,149990.0,,Imagen no disponible,""2T, 3T, 4T, 5T, 6"""
"Bebés,2,11,Chaqueta para niña acolchada,159990.0,,Imagen no disponible,""L, M, S"""
"Bebés,2,12,Botas para niña con elásticos en laterales,165990.0,,Imagen no disponible,""22, 23, 24, 25, 26, 27, 28, 29"""
"Bebés,2,13,Chaleco para niña oversize,139990.0,,Imagen no disponible,""XS, XXS"""
"Bebés,2,14,Tenis para niña con correas de velcro,149990.0,,Imagen no disponible,""22, 23, 24, 25, 26, 27, 28, 29"""
"Bebés,2,15,Disfraz de bailarina para niña,149990.0,,Imagen no disponible,""2T, 3T, 4T, 5T, 6, 8"""
"Bebés,2,16,Tenis para niña con glitter,159990.0,,Imagen no disponible,""22, 23, 24, 25, 26, 27, 28, 29"""
"Bebés,2,17,Sudadera para niña,89990.0,,https://offcorss.vtexassets.com/arquivos/ids/861768/42264361-Rosado-12-1305_1.jpg?v=638584693166970000,""2T, 3T, 4T, 5T, 6"""
"Bebés,2,18,Camisa para niña manga corta con boleros,79990.0,,https://offcorss.vtexassets.com/arquivos/ids/863414/42045801-Amarillo-11-0604_1.jpg?v=638592413021730000,""2T, 3T, 4T, 5T, 6"""
"Bebés,2,19,Botas plásticas para niña,102193.0,145990.0,Imagen no disponible,""22, 23, 24, 25, 26, 27, 28, 29, 30, 31, 32, 33"""
"Bebés,2,20,Camiseta para niña mangas con abertura y nudo,39193.0,55990.0,https://offcorss.vtexassets.com/arquivos/ids/870049/42244091-Lila-13-3405_1.jpg?v=638623614650930000,""2T, 3T, 4T, 5T, 6"""
"Bebés,2,21,Tenis para niña con luces en la suela,179990.0,,Imagen no disponible,""22, 23, 24, 25, 26, 27, 28, 29"""
"Bebés,2,22,Overall corto para niña,88193.0,125990.0,https://offcorss.vtexassets.com/arquivos/ids/863535/Overall-corto-para-bebe-niña.jpg?v=638600394670000000,""2T, 3T, 4T, 5T, 6"""
"Bebés,2,23,Botas plásticas para niña,145990.0,,Imagen no disponible,""22, 23, 24, 25, 26, 27, 28, 29, 30, 31, 32, 33"""
"Bebés,2,24,Conjunto para niña de camiseta + jardinera,95193.0,135990.0,https://offcorss.vtexassets.com/arquivos/ids/863720/Conjunto-para-bebe-niña-de-camiseta---jardinera.jpg?v=638600395569270000,""2T, 3T, 4T, 5T, 6"""
"Bebés,3,1,Camisa manga sisa para niña,29990.0,,https://offcorss.vtexassets.com/arquivos/ids/857354/42243751-Rosado-11-2409_1.jpg?v=638544994810670000,""L, M, S"""
"Bebés,3,2,Falda short para niña,89990.0,,https://offcorss.vtexassets.com/arquivos/ids/857349/42074432-Rosado-12-1305_1.jpg?v=638544958774400000,""2T, 3T, 4T, 6, 8, 5T"""
"Bebés,3,3,Camiseta para niña manga corta con boleros,59990.0,,Imagen no disponible,""2T, 3T, 4T, 5T, 6"""
"Bebés,3,4,Camiseta para niña manga corta con estampado,49990.0,,https://offcorss.vtexassets.com/arquivos/ids/858518/42243901-Rosado-12-1305_1.jpg?v=638551163750700000,""2T, 3T, 4T, 5T, 6"""
"Bebés,3,5,Set x 2 pantys tipo boxer para niña,54990.0,,https://offcorss.vtexassets.com/arquivos/ids/857664/42201471-Rosado-14-3209_1.jpg?v=638545061436400000,""L, M, S"""
"Bebés,3,6,Medias para niña caña larga con personaje,19990.0,,https://offcorss.vtexassets.com/arquivos/ids/855636/42193502-Cafe-13-0905_1.jpg?v=638540324358300000,""2T-3T, 4T-5T"""
"Bebés,3,7,Vestido para niña manga sisa con mini boleros,89990.0,,Imagen no disponible,""2T, 3T, 4T, 5T, 6"""
"Bebés,3,8,Medias para niña caña larga con personaje,19990.0,,https://offcorss.vtexassets.com/arquivos/ids/855634/42193501-Rosado-12-1305_1.jpg?v=638540324270700000,""2T-3T, 4T-5T"""
"Bebés,3,9,Short para niña con bolsillo,85990.0,,https://offcorss.vtexassets.com/arquivos/ids/861182/42054311-Rosado-15-1919_1.jpg?v=638575986428070000,""2T, 3T, 4T, 5T, 6"""
"Bebés,3,10,Camiseta para niña manga corta con corte inferior,49990.0,,Imagen no disponible,""2T, 3T, 4T, 5T, 6"""
"Bebés,3,11,Tenis para niña deportivos,149990.0,,Imagen no disponible,""22, 23, 24, 25, 26, 27, 28, 29"""
"Bebés,3,12,Chaqueta beisbolera para niña con gráfico en la espalda,145990.0,,Imagen no disponible,""2T, 3T, 4T, 5T, 6"""
"Bebés,3,13,Tenis para niña cambian con la luz del sol,159990.0,,Imagen no disponible,""22, 23, 24, 25, 26, 27, 28, 29"""
"Bebés,3,14,Camiseta para niña manga corta con corte inferior,49990.0,,Imagen no disponible,""2T, 3T, 4T, 5T, 6"""
"Bebés,3,15,Medias para niña caña larga con personaje,19990.0,,https://offcorss.vtexassets.com/arquivos/ids/855640/42193503-Blanco-10-0000_1.jpg?v=638540324480400000,""2T-3T, 4T-5T"""
"Bebés,3,16,Leggings para niña,45990.0,,https://offcorss.vtexassets.com/arquivos/ids/858522/42264291-Verde-12-0109_1.jpg?v=638551207719900000,""2T, 3T, 4T, 5T, 6"""
"Bebés,3,17,Leggings para niña,45990.0,,https://offcorss.vtexassets.com/arquivos/ids/858524/42264292-Arena-12-0602_1.jpg?v=638551213240170000,""2T, 3T, 4T, 5T, 6"""
"Bebés,3,18,Vestido para niña manga sisa con mini boleros,89990.0,,Imagen no disponible,""2T, 3T, 4T, 5T, 6"""
"Bebés,3,19,Camiseta para niña con estampado divertido en el frente,40593.0,57990.0,Imagen no disponible,""2T, 3T, 4T, 5T, 6"""
"Bebés,3,20,Conjunto para niña de camiseta + short,129990.0,,Imagen no disponible,""2T, 3T, 4T, 5T, 6"""
"Bebés,3,21,Camiseta para niña manga corta con estampado,49990.0,,https://offcorss.vtexassets.com/arquivos/ids/858520/42243902-Blanco-10-0000_1.jpg?v=638551204845870000,""2T, 3T, 4T, 5T, 6"""
"Bebés,3,22,Camiseta para niña con estampado divertido en el frente,57990.0,,Imagen no disponible,""2T, 3T, 4T, 5T, 6"""
"Bebés,3,23,Short para niña con bolsillo,85990.0,,https://offcorss.vtexassets.com/arquivos/ids/861202/42054312-Verde-13-0111_1.jpg?v=638575986524030000,""2T, 3T, 4T, 5T, 6"""
"Bebés,3,24,Conjunto para niña de camiseta + short,129990.0,,Imagen no disponible,""2T, 3T, 4T, 5T, 6"""
"Bebés,4,1,Tenis para niña,149990.0,,https://offcorss.vtexassets.com/arquivos/ids/855509/42107141-Amarillo-11-0602_1.jpg?v=638540318231270000,""22, 23, 24, 25, 26, 27, 28, 29"""
"Bebés,4,2,Vestido para niña manga corta con cuello tipo polo,89990.0,,Imagen no disponible,""2T, 3T, 4T, 5T, 6"""
"Bebés,4,3,Chaqueta para niña con bolsillos asimétricos,135990.0,,Imagen no disponible,""2T, 3T, 4T, 5T, 6"""
"Bebés,4,4,Conjunto para niña de camiseta + jardinera,135990.0,,Imagen no disponible,""2T, 3T, 4T, 5T, 6"""
"Bebés,4,5,Camiseta para niña manga corta con boleros,59990.0,,Imagen no disponible,""2T, 3T, 4T, 5T, 6"""
"Bebés,4,6,Buzo para niña cerrado con capucha y bolsillo asimétrico,105990.0,,Imagen no disponible,""2T, 3T, 4T, 5T, 6"""
"Bebés,4,7,Jean para niña silueta wide leg,125990.0,,Imagen no disponible,""2T, 3T, 4T, 5T, 6"""
"Bebés,4,8,Tenis para niña deportivos,149990.0,,Imagen no disponible,""22, 23, 24, 25, 26, 27, 28, 29"""
"Bebés,4,9,Pijama para niña camiseta manga corta + sudadera,95990.0,,Imagen no disponible,""2T, 3T, 4T, 5T, 6"""
"Bebés,4,10,Pijama para niña camiseta manga corta + sudadera,95990.0,,Imagen no disponible,""2T, 3T, 4T, 5T, 6"""
"Bebés,4,11,Falda short para niña,109990.0,,Imagen no disponible,""2T, 3T, 4T, 5T, 6"""
"Bebés,4,12,Pijama para niña en conjunto de camiseta manga larga + sudadera,105990.0,,Imagen no disponible,""2T, 3T, 4T, 5T, 6"""
"Bebés,4,13,Pijama para niña en conjunto de camiseta manga corta + short,95990.0,,Imagen no disponible,""2T, 3T, 4T, 5T, 6"""
"Bebés,4,14,Pijama batola para niña,69990.0,,Imagen no disponible,""2T, 3T, 4T, 5T, 6"""
"Bebés,4,15,Tenis deportivos para niña,145990.0,,Imagen no disponible,""22, 23, 24, 25, 26, 27, 28, 29"""
"Bebés,4,16,Pijama para niña en conjunto de camiseta manga larga + sudadera,99990.0,,Imagen no disponible,""2T, 3T, 4T, 5T, 6"""
"Bebés,4,17,Camiseta manga corta efecto brillante para niña,55990.0,,Imagen no disponible,""2T, 3T, 4T, 5T, 6"""
"Bebés,4,18,Sandalias playeras en reata para niña,119990.0,,https://offcorss.vtexassets.com/arquivos/ids/853005/42107081-Violeta-14-3612_1.jpg?v=638515689678570000,""22, 23, 24, 25, 26, 27, 28, 21"""
"Bebés,4,19,Sandalias playeras en reata para niña,119990.0,,https://offcorss.vtexassets.com/arquivos/ids/853029/42107082-Rosado-17-2519_1.jpg?v=638515689781570000,""22, 23, 24, 25, 26, 27, 28, 29, 21"""
"Bebés,4,20,Short para niña,109990.0,,Imagen no disponible,""2T, 3T, 4T, 5T, 6"""
"Bebés,4,21,Camisa manga corta con boleros para niña,85990.0,,Imagen no disponible,""2T, 3T, 4T, 5T, 6"""
"Bebés,4,22,Pijama para niña en conjunto de camiseta manga corta + short,95990.0,,Imagen no disponible,""2T, 3T, 4T, 5T, 6"""
"Bebés,4,23,Sandalias playeras en reata para niña,119990.0,,https://offcorss.vtexassets.com/arquivos/ids/853053/42107083-Verde-13-0319_1.jpg?v=638515689912770000,""22, 23, 24, 25, 26, 27, 28, 21"""
"Bebés,4,24,Conjunto de body + falda para niña,81594.0,135990.0,Imagen no disponible,""2T, 3T, 4T, 5T, 6"""
"Bebés,5,1,Vestido de baño tankini para niña,129990.0,,Imagen no disponible,""2T, 3T, 4T, 5T, 6"""
"Bebés,5,2,Vestido de baño bikini para niña,115990.0,,Imagen no disponible,""2T, 3T, 4T, 5T, 6"""
"Bebés,5,3,Vestido de baño entero manga sisa para niña,105990.0,,Imagen no disponible,""2T, 3T, 4T, 5T, 6"""
"Bebés,5,4,Vestido de baño entero manga sisa para niña,99990.0,,Imagen no disponible,""2T, 3T, 4T, 5T, 6"""
"Bebés,5,5,Vestido de baño entero para niña,129990.0,,https://offcorss.vtexassets.com/arquivos/ids/849119/42022261-Verde-13-0319_1.jpg?v=638508600531730000,""2T, 3T, 4T, 5T, 6"""
"Bebés,5,6,Salida de baño vestido para niña,62993.0,89990.0,Imagen no disponible,""L, M, S"""
"Bebés,5,7,Gorro doble faz para niña,40593.0,57990.0,https://offcorss.vtexassets.com/arquivos/ids/849170/42145121-Rosado-13-2806_1.jpg?v=638497575608900000,""M/L, S/M"""
"Bebés,5,8,Vestido de baño entero para niña,125990.0,,Imagen no disponible,""2T, 3T, 4T, 5T, 6"""
"Bebés,5,9,Camiseta con lentejuelas reversibles para niña,35994.0,59990.0,Imagen no disponible,""2T, 3T, 4T, 5T, 6"""
"Bebés,5,10,Vestido de baño bikini para niña,99990.0,,Imagen no disponible,""2T, 3T, 4T, 5T, 6"""
"Bebés,5,11,Buzo cerrado con bloques de color para niña,83994.0,139990.0,Imagen no disponible,""L, M, S"""
"Bebés,5,12,Leggings con cintura elástica y cordón para niña,49990.0,,Imagen no disponible,""2T, 3T, 4T, 5T, 6"""
"Bebés,5,13,Camiseta manga corta con estampado para niña,49990.0,,Imagen no disponible,""2T, 3T, 4T, 5T, 6"""
"Bebés,5,14,Short 5 bolsillos para niña,99990.0,,Imagen no disponible,""2T, 3T, 4T, 5T, 6"""
"Bebés,5,15,Denim tipo jeggings para niña,109990.0,,Imagen no disponible,""2T, 3T, 4T, 5T, 6"""
"Bebés,5,16,Vestido con cuello camisero para niña,89990.0,,Imagen no disponible,""2T, 3T, 4T, 5T, 6"""
"Bebés,5,17,Leggings con cintura elástica y cordón para niña,49990.0,,Imagen no disponible,""2T, 3T, 4T, 5T, 6"""
"Bebés,5,18,Vestido manga sisa para niña,89990.0,,Imagen no disponible,""2T, 3T, 4T, 5T, 6"""
"Bebés,5,19,Buzo cerrado para niña,95990.0,,Imagen no disponible,""2T, 3T, 4T, 5T, 6"""
"Bebés,5,20,Tenis casuales para niña,139990.0,,Imagen no disponible,""22, 23, 24, 25, 26, 27, 28, 29"""
"Bebés,5,21,Camiseta manga corta con gráfico para niña,49990.0,,Imagen no disponible,""2T, 3T, 4T, 5T, 6"""
"Bebés,5,22,Sudadera para niña,89990.0,,Imagen no disponible,""2T, 3T, 4T, 5T, 6"""
"Bebés,5,23,Camiseta manga corta con estampado para niña,49990.0,,https://offcorss.vtexassets.com/arquivos/ids/835123/42243552-Lila-13-3405_1.jpg?v=638446405649000000,""2T, 3T, 4T, 5T, 6"""
"Bebés,5,24,Vestido manga sisa para niña,89990.0,,Imagen no disponible,""2T, 3T, 4T, 5T, 6"""
"Bebés,6,1,Camiseta manga corta con gráfico para niña,49990.0,,Imagen no disponible,""2T, 3T, 4T, 5T, 6"""
"Bebés,6,2,Conjunto de camiseta + short para niña,129990.0,,Imagen no disponible,""2T, 3T, 4T, 5T, 6"""
"Bebés,6,3,Chaqueta oversize para niña,145990.0,,Imagen no disponible,""L, M, S"""
"Bebés,6,4,Jardinera para niña,125990.0,,Imagen no disponible,""2T, 3T, 4T, 5T, 6"""
"Bebés,6,5,Short 5 bolsillos para niña,99990.0,,https://offcorss.vtexassets.com/arquivos/ids/835052/42054232-Indigo-Oscuro_1.jpg?v=638446405290130000,""2T, 3T, 4T, 5T, 6"""
"Bebés,6,6,Vestido con boleros para niña,89990.0,,Imagen no disponible,""2T, 3T, 4T, 5T, 6"""
"Bebés,6,7,Overall largo para niña,150990.0,,Imagen no disponible,""2T, 3T, 4T, 5T, 6"""
"Bebés,6,8,Camiseta manga corta con boleros para niña,49990.0,,Imagen no disponible,""2T, 3T, 4T, 5T, 6"""
"Bebés,6,9,Chaqueta tipo bomber para niña,159990.0,,Imagen no disponible,""2T, 3T, 4T, 5T, 6"""
"Bebés,6,10,Overall corto para niña,125990.0,,https://offcorss.vtexassets.com/arquivos/ids/835072/42082321-Indigo-Claro_1.jpg?v=638446405407000000,""2T, 3T, 4T, 5T, 6"""
"Bebés,6,11,Denim silueta culotte para niña,119990.0,,Imagen no disponible,""2T, 3T, 4T, 5T, 6"""
"Bebés,6,12,Set x2 medias caña media para niña,31990.0,,https://offcorss.vtexassets.com/arquivos/ids/835117/42201431-Amarillo-11-0604_1.jpg?v=638446405622800000,""2T-3T, 4T-5T"""
"Bebés,6,13,Falda short para niña,89990.0,,Imagen no disponible,""2T, 3T, 4T, 5T, 6, 8"""
"Bebés,6,14,Tenis bota para niña,149990.0,,https://offcorss.vtexassets.com/arquivos/ids/840214/42107031-Blanco-10-0000_1.jpg?v=638453557997830000,""22, 23, 24, 25, 26, 27, 28, 29"""
"Bebés,6,15,Denim para niña,119990.0,,Imagen no disponible,""2T, 3T, 4T, 5T, 6"""
"Bebés,6,16,Botas casuales con resorte para niña,116193.0,165990.0,https://offcorss.vtexassets.com/arquivos/ids/840246/42107041-Verde-15-5706_1.jpg?v=638453558137270000,""22, 23, 24, 25, 26, 27, 28, 29"""
"Bebés,6,17,Camiseta manga corta para niña,49990.0,,https://offcorss.vtexassets.com/arquivos/ids/835143/42243591-Rosado-12-1305_1.jpg?v=638446405736170000,""2T, 3T, 4T, 5T, 6"""
"Bebés,6,18,Vestido manga sisa para niña,89990.0,,Imagen no disponible,""2T, 3T, 4T, 5T, 6, 8"""
"Bebés,6,19,Camiseta manga corta para niña,49990.0,,https://offcorss.vtexassets.com/arquivos/ids/835133/42243571-Blanco-10-0000_1.jpg?v=638446405695670000,""2T, 3T, 4T, 5T, 6"""
"Bebés,6,20,Camiseta manga sisa para niña,49990.0,,Imagen no disponible,""2T, 3T, 4T, 5T, 6"""
"Bebés,6,21,Buzo abierto para niña,109990.0,,https://offcorss.vtexassets.com/arquivos/ids/843379/42139981-Amarillo-11-0604_1.jpg?v=638464524292670000,""2T, 3T, 4T, 5T, 6"""
"Bebés,6,22,Camiseta manga corta para niña,49990.0,,Imagen no disponible,""2T, 3T, 4T, 5T, 6"""
"Bebés,6,23,Conjunto camiseta manga corta + sudadera para niña,125990.0,,Imagen no disponible,""2T, 3T, 4T, 5T, 6"""
"Bebés,6,24,Conjunto camiseta manga corta + short para niña,105990.0,,Imagen no disponible,""2T, 3T, 4T, 5T, 6, 8"""
"Bebés,7,1,Vestido manga corta para niña,71994.0,119990.0,Imagen no disponible,""2T, 3T, 4T, 5T, 6"""
"Bebés,7,2,Tenis casuales para niña,135990.0,,https://offcorss.vtexassets.com/arquivos/ids/840182/42107011-Amarillo-11-0617_1.jpg?v=638453557848430000,""22, 23, 24, 25, 26, 27, 28, 29"""
"Bebés,7,3,Vestido manga larga para niña,89990.0,,Imagen no disponible,""2T, 3T, 4T, 5T, 6"""
"Bebés,7,4,Conjunto de camiseta manga larga + pantalón para niña,135990.0,,Imagen no disponible,""2T, 3T, 4T, 5T, 6"""
"Bebés,7,5,Camiseta manga corta para niña,49990.0,,https://offcorss.vtexassets.com/arquivos/ids/843399/42243572-Amarillo-11-0604_1.jpg?v=638464524374600000,""2T, 3T, 4T, 5T, 6"""
"Bebés,7,6,Medias tobillera para niña,16990.0,,https://offcorss.vtexassets.com/arquivos/ids/843393/42193491-Rosado-12-1305_1.jpg?v=638464524350500000,""2T-3T, 4T-5T, 6-8"""
"Bebés,7,7,Sudadera para niña,89990.0,,Imagen no disponible,""2T, 3T, 4T, 5T, 6"""
"Bebés,7,8,Chaqueta dobe faz acolchada para niña,129594.0,215990.0,https://offcorss.vtexassets.com/arquivos/ids/835082/42139841-Rosado-15-2216_1.jpg?v=638446405462100000,""2T, 3T, 4T, 5T, 6"""
"Bebés,7,9,Tenis primeros pasos para bebé niña,105990.0,,Imagen no disponible,""17, 18, 19, 20, 21"""
"Bebés,7,10,Tenis deportivos con bloques de color para niña,165990.0,,Imagen no disponible,""22, 23, 24, 25, 26, 27, 28, 29"""
"Bebés,7,11,Tenis deportivos con bloques de color para niña,165990.0,,Imagen no disponible,""22, 23, 24, 25, 26, 27, 28, 29"""
"Bebés,7,12,Vestido de baño tankini para niña.,125990.0,,Imagen no disponible,""2T, 3T, 4T, 5T, 6"""
"Bebés,7,13,Chaqueta clásica tipo parka para niña,89994.0,149990.0,Imagen no disponible,""2T, 3T, 4T, 5T, 6"""
"Bebés,7,14,Vestido de baño entero manga larga para niña,125990.0,,Imagen no disponible,""2T, 3T, 4T, 5T, 6"""
"Bebés,7,15,Chaqueta tipo raincoat para niña,99990.0,,Imagen no disponible,""2T, 3T, 4T, 5T, 6"""
"Bebés,7,16,Chaqueta deportiva rompevientos para niña,99594.0,165990.0,https://offcorss.vtexassets.com/arquivos/ids/854337/52534261-Violeta-15-3412_1.jpg?v=638532296516000000,""XS, XXS"""
"Bebés,7,17,Camiseta deportiva manga corta con cortes en malla para niña,41994.0,69990.0,Imagen no disponible,""XS, XXS"""
"Bebés,7,18,Short deportivo con biker para niña,63594.0,105990.0,Imagen no disponible,""XS, XXS"""
"Bebés,7,19,Camiseta manga corta para niña,49990.0,,Imagen no disponible,""2T, 3T, 4T, 5T, 6"""
"Bebés,7,20,Overall largo en denim para niña,129990.0,,https://offcorss.vtexassets.com/arquivos/ids/830574/42082231-Indigo-Claro_1.jpg?v=638423160070430000,""2T, 3T, 4T, 5T, 6"""
"Bebés,7,21,Set x 2 panty para niña,41990.0,,https://offcorss.vtexassets.com/arquivos/ids/826648/42201402-Gris-11-0601_1.jpg?v=638385019998700000,""2T, 3T, 4T, 5T, 6"""
"Bebés,7,22,Tenis con velcro y cordones para niña,159990.0,,https://offcorss.vtexassets.com/arquivos/ids/830148/42106951-Blanco-10-0000_1.jpg?v=638415512574670000,""22, 23, 24, 25, 26, 27, 28, 29"""
"Bebés,7,23,Set x 2 panty para niña,41990.0,,https://offcorss.vtexassets.com/arquivos/ids/830188/42201401-Amarillo-13-0840_1.jpg?v=638415512732170000,""2T, 3T, 4T, 5T, 6"""
"Bebés,7,24,Set x 3 panty para niña,53990.0,,https://offcorss.vtexassets.com/arquivos/ids/830208/42201411-Cafe-12-0601_1.jpg?v=638415512824100000,""2T, 3T, 4T, 5T, 6"""
"Bebés,8,1,Short interior para niña,21990.0,,https://offcorss.vtexassets.com/arquivos/ids/827092/42054182-Azul-19-3921_1.jpg?v=638385267122700000,""L, M, S"""
"Bebés,8,2,Short interior para niña,21990.0,,https://offcorss.vtexassets.com/arquivos/ids/827210/42054181-Blanco-10-0000_1.jpg?v=638386880516300000,""L, M, S"""
"Bebés,8,3,Camiseta manga sisa para niña,27990.0,,https://offcorss.vtexassets.com/arquivos/ids/827222/42243301-Blanco-10-0000_1.jpg?v=638386880599230000,""2T, 3T, 4T, 5T, 6"""
"Bebés,1,1,Chaqueta para niño acolchada con capucha,189990.0,,https://offcorss.vtexassets.com/arquivos/ids/867437/41531182-Verde-16-5815_1.jpg?v=638620941301630000,""L, M, S, XS, XXS"""
"Bebés,1,2,Camisa para niño manga corta con bolsillo,89990.0,,Imagen no disponible,""2T, 3T, 4T, 5T, 6"""
"Bebés,1,3,Jean super slim para niño con bolsillos,119990.0,,Imagen no disponible,""2T, 3T, 4T, 5T, 6"""
"Bebés,1,4,Camisa para niño manga larga con bolsillo,109990.0,,Imagen no disponible,""2T, 3T, 4T, 5T, 6"""
"Bebés,1,5,Buzo para niño cerrado con capucha,125990.0,,Imagen no disponible,""2T, 3T, 4T, 5T, 6"""
"Bebés,1,6,Camisa para niño manga corta con corbatín,95990.0,,Imagen no disponible,""2T, 3T, 4T, 5T, 6"""
"Bebés,1,7,Jogger para niño con cordón en cintura,119990.0,,Imagen no disponible,""2T, 3T, 4T, 5T, 6"""
"Bebés,1,8,Bermuda para niño,95990.0,,Imagen no disponible,""2T, 3T, 4T, 5T, 6"""
"Bebés,1,9,Camiseta para niño manga corta con gráfico en el frente,59990.0,,Imagen no disponible,""2T, 3T, 4T, 5T, 6"""
"Bebés,1,10,Camisa para niño manga larga con corbatín,115990.0,,Imagen no disponible,""2T, 3T, 4T, 5T, 6"""
"Bebés,1,11,Tenis bota para niño con bloques de color,155990.0,,Imagen no disponible,""22, 23, 24, 25, 26, 27, 28, 29"""
"Bebés,1,12,Tenis casuales para niño con accesorios en cordones,145990.0,,Imagen no disponible,""22, 23, 24, 25, 26, 27, 28, 29"""
"Bebés,1,13,Camiseta oversize para niño,55990.0,,Imagen no disponible,""2T, 3T, 4T, 5T, 6"""
"Bebés,1,14,Tenis deportivos para niño,149990.0,,https://offcorss.vtexassets.com/arquivos/ids/865298/Tenis-deportivos-para-niño.jpg?v=638615947977700000,""22, 23, 24, 25, 26, 27, 28, 29"""
"Bebés,1,15,Conjunto para niño de camiseta + sudadera,129990.0,,Imagen no disponible,""2T, 3T, 4T, 5T, 6"""
"Bebés,1,16,Conjunto para niño de camiseta + bermuda,109990.0,,Imagen no disponible,""2T, 3T, 4T, 5T, 6"""
"Bebés,1,17,Camisa para niño manga larga con bolsillo,109990.0,,Imagen no disponible,""2T, 3T, 4T, 5T, 6"""
"Bebés,1,18,Jean para niño con bolsillos cargo,125990.0,,Imagen no disponible,""2T, 3T, 4T, 5T, 6"""
"Bebés,1,19,Camiseta tipo polo para niño,75990.0,,Imagen no disponible,""2T, 3T, 4T, 5T, 6"""
"Bebés,1,20,Camiseta para niño manga corta con estampado,59990.0,,Imagen no disponible,""2T, 3T, 4T, 5T, 6"""
"Bebés,1,21,Camiseta oversize para niño,49990.0,,Imagen no disponible,""2T, 3T, 4T, 5T, 6"""
"Bebés,1,22,Pantalón para niño con bolsillos cargo,115990.0,,Imagen no disponible,""2T, 3T, 4T, 5T, 6"""
"Bebés,1,23,Overol para niño largo con cargaderas ajustables,145990.0,,Imagen no disponible,""2T, 3T, 4T, 5T, 6"""
"Bebés,1,24,Sudadera para niño con cordón,89990.0,,Imagen no disponible,""2T, 3T, 4T, 5T, 6"""
"Bebés,2,1,Camiseta para niño manga corta con estampado,59990.0,,Imagen no disponible,""2T, 3T, 4T, 5T, 6"""
"Bebés,2,2,Camiseta para niño manga corta,49990.0,,Imagen no disponible,""2T, 3T, 4T, 5T, 6"""
"Bebés,2,3,Camisa para niño manga larga con bolsillo,109990.0,,Imagen no disponible,""2T, 3T, 4T, 5T, 6"""
"Bebés,2,4,Camisa para niño manga corta con corbatín,95990.0,,Imagen no disponible,""2T, 3T, 4T, 5T, 6"""
"Bebés,2,5,Pantalon para niño,109990.0,,Imagen no disponible,""2T, 3T, 4T, 5T, 6"""
"Bebés,2,6,Tenis para niño tipo bota,155990.0,,Imagen no disponible,""22, 23, 24, 25, 26, 27, 28, 29"""
"Bebés,2,7,Camiseta para niño manga corta,49990.0,,Imagen no disponible,""2T, 3T, 4T, 5T, 6"""
"Bebés,2,8,Camiseta tipo polo para niño,75990.0,,Imagen no disponible,""2T, 3T, 4T, 5T, 6"""
"Bebés,2,9,Bermuda para niño con bolsillos cargo,95990.0,,Imagen no disponible,""2T, 3T, 4T, 5T, 6"""
"Bebés,2,10,Camiseta para niño manga corta con gráfico en el frentea,59990.0,,Imagen no disponible,""2T, 3T, 4T, 5T, 6"""
"Bebés,2,11,Bermuda para niño con cordón funcional,69993.0,99990.0,https://offcorss.vtexassets.com/arquivos/ids/867415/41058612-Indigo-Ice_1.jpg?v=638617484176370000,""2T, 3T, 4T, 5T, 6"""
"Bebés,2,12,Camiseta de baño manga larga para niño,99990.0,,https://offcorss.vtexassets.com/arquivos/ids/863746/41337011-Blanco-10-0000_1.jpg?v=638602809216600000,""2T, 3T, 4T, 5T, 6"""
"Bebés,2,13,Tenis para niño casuales caña alta,159990.0,,Imagen no disponible,""22, 23, 24, 25, 26, 27, 28, 29"""
"Bebés,2,14,Chaqueta para niño acolchada con capucha,159990.0,,Imagen no disponible,""L, M, S"""
"Bebés,2,15,Buzo para niño de personaje de dinosaurio con capucha,149990.0,,Imagen no disponible,""2T, 3T, 4T, 5T, 6"""
"Bebés,2,16,Tenis para niño casuales caña alta,149990.0,,Imagen no disponible,""22, 23, 24, 25, 26, 27, 28, 29"""
"Bebés,2,17,Chaleco para niño enguantado,139990.0,,Imagen no disponible,""XS, XXS"""
"Bebés,2,18,Chaqueta para niño acolchada con capucha,159990.0,,Imagen no disponible,""L, M, S"""
"Bebés,2,19,Pantaloneta de baño para niño con estampado divertido,109990.0,,Imagen no disponible,""10, 2T, 3T, 4T, 5T, 6, 8"""
"Bebés,2,20,Sandalias para niño playeras,119990.0,,Imagen no disponible,""22, 23, 24, 25, 26, 27, 28, 29, 21"""
"Bebés,2,21,Antifaz para niño,24990.0,,Imagen no disponible,""M, S"""
"Bebés,2,22,Tenis para niño deportivos con luces,179990.0,,Imagen no disponible,""22, 23, 24, 25, 26, 27, 28, 29"""
"Bebés,2,23,Camiseta para niño de transformers manga corta,65990.0,,Imagen no disponible,""4T, 6"""
"Bebés,2,24,Botas plásticas para niño,145990.0,,Imagen no disponible,""22, 23, 24, 25, 26, 27, 28, 29, 30, 31, 32, 33"""
"Bebés,3,1,Conjunto para niño de camiseta manga corta + bermuda,159990.0,,Imagen no disponible,""4T, 6"""
"Bebés,3,2,Botas plásticas para niño,145990.0,,Imagen no disponible,""22, 23, 24, 25, 26, 27, 28, 29, 30, 31, 32, 33"""
"Bebés,3,3,Camiseta manga corta + máscara para niño,75990.0,,Imagen no disponible,""4T, 6"""
"Bebés,3,4,Camiseta para niño de transformers manga corta,65990.0,,Imagen no disponible,""4T, 6"""
"Bebés,3,5,Camiseta para niño de transformers manga corta,65990.0,,Imagen no disponible,""4T, 6"""
"Bebés,3,6,Jogger para niño,81193.0,115990.0,https://offcorss.vtexassets.com/arquivos/ids/870054/41265161-Gris-19-4007_1.jpg?v=638623660982000000,""2T, 3T, 4T, 5T, 6"""
"Bebés,3,7,Camiseta + máscara para niño,75990.0,,Imagen no disponible,""2T, 3T, 4T, 6, 5T"""
"Bebés,3,8,Jean silueta slim para niño,119990.0,,https://offcorss.vtexassets.com/arquivos/ids/863555/Jean-silueta-slim-para-bebe-niño.jpg?v=638600394768830000,""2T, 3T, 4T, 5T, 6"""
"Bebés,3,9,Camiseta para niño de transformers manga corta,65990.0,,Imagen no disponible,""4T, 6"""
"Bebés,3,10,Bermuda para niño con bolsillos,95990.0,,Imagen no disponible,""2T, 3T, 4T, 5T, 6"""
"Bebés,3,11,Tenis para niño deportivos,149990.0,,https://offcorss.vtexassets.com/arquivos/ids/855011/41106241-Azul-19-3921_1.jpg?v=638540300144430000,""22, 23, 24, 25, 26, 27, 28, 29"""
"Bebés,3,12,Camiseta manga corta para niño con textura,55990.0,,Imagen no disponible,""2T, 3T, 4T, 5T, 6"""
"Bebés,3,13,Camisa manga larga para niño,115990.0,,Imagen no disponible,""2T, 3T, 4T, 5T, 6"""
"Bebés,3,14,Buzo para niño abierto con capucha y estampado,109990.0,,Imagen no disponible,""2T, 3T, 4T, 5T, 6"""
"Bebés,3,15,Camiseta para niño manga corta con gráfico,55990.0,,Imagen no disponible,""2T, 3T, 4T, 5T, 6"""
"Bebés,3,16,Bermuda para niño con bosillos grandes,95990.0,,Imagen no disponible,""2T, 3T, 4T, 5T, 6"""
"Bebés,3,17,Camiseta para niño manga corta con gráfico,55990.0,,Imagen no disponible,""2T, 3T, 4T, 5T, 6"""
"Bebés,3,18,Camiseta para niño tipo polo,75990.0,,Imagen no disponible,""2T, 3T, 4T, 5T, 6"""
"Bebés,3,19,Camisa manga larga para niño,115990.0,,https://offcorss.vtexassets.com/arquivos/ids/858099/41048022-Amarillo-11-0604_1.jpg?v=638548356781400000,""2T, 3T, 4T, 5T, 6"""
"Bebés,3,20,Conjunto para niño de camiseta + pantalón,145990.0,,Imagen no disponible,""2T, 3T, 4T, 5T, 6"""
"Bebés,3,21,Conjunto para niño de camiseta + bermuda,109990.0,,Imagen no disponible,""2T, 3T, 4T, 5T, 6"""
"Bebés,3,22,Tenis para niño deportivos,149990.0,,Imagen no disponible,""22, 23, 24, 25, 26, 27, 28, 29"""
"Bebés,3,23,Sudadera para niño,89990.0,,Imagen no disponible,""2T, 3T, 4T, 5T, 6"""
"Bebés,3,24,Pantalón para niño silueta jogger,115990.0,,Imagen no disponible,""2T, 3T, 4T, 5T, 6"""
"Bebés,4,1,Sudadera para niño,89990.0,,Imagen no disponible,""2T, 3T, 4T, 5T, 6"""
"Bebés,4,2,Tenis para niño que alumbran en la oscuridad,155990.0,,Imagen no disponible,""22, 23, 24, 25, 26, 27, 28, 29"""
"Bebés,4,3,Bermuda para niño con cordón,65990.0,,Imagen no disponible,""2T, 3T, 4T, 5T, 6"""
"Bebés,4,4,Camiseta para niño manga corta con detalle en neón,55990.0,,Imagen no disponible,""2T, 3T, 4T, 5T, 6"""
"Bebés,4,5,Camiseta para niño tipo polo,75990.0,,Imagen no disponible,""2T, 3T, 4T, 5T, 6"""
"Bebés,4,6,Conjunto para niño de camiseta + bermuda,119990.0,,Imagen no disponible,""2T, 3T, 4T, 5T, 6"""
"Bebés,4,7,Pijama para niño conjunto de camiseta manga larga + sudadera,105990.0,,Imagen no disponible,""2T, 3T, 4T, 5T, 6"""
"Bebés,4,8,Pijama para niño conjunto de camiseta manga corta + bermuda,95990.0,,Imagen no disponible,""2T, 3T, 4T, 5T, 6"""
"Bebés,4,9,Pijama para niño conjunto de camiseta manga corta + bermuda,95990.0,,Imagen no disponible,""2T, 3T, 4T, 5T, 6"""
"Bebés,4,10,Pijama para niño conjunto de camiseta manga corta + bermuda,95990.0,,Imagen no disponible,""2T, 3T, 4T, 5T, 6"""
"Bebés,4,11,Pijama para niño conjunto de camiseta manga corta + sudadera,95990.0,,Imagen no disponible,""2T, 3T, 4T, 5T, 6"""
"Bebés,4,12,Pijama para niño conjunto de camiseta manga larga + pantalón,99990.0,,Imagen no disponible,""2T, 3T, 4T, 5T, 6"""
"Bebés,4,13,Jean super slim para niño,124990.0,,Imagen no disponible,""2T, 3T, 4T, 5T, 6"""
"Bebés,4,14,Pijama para niño conjunto de camiseta manga corta + sudadera,95990.0,,Imagen no disponible,""2T, 3T, 4T, 5T, 6"""
"Bebés,4,15,Pijama para niño conjunto de camiseta manga larga + pantalón,99990.0,,Imagen no disponible,""2T, 3T, 4T, 5T, 6"""
"Bebés,4,16,Buzo cerrado con capucha para unisex,63594.0,105990.0,Imagen no disponible,""2T, 3T, 4T, 5T, 6"""
"Bebés,4,17,Camiseta manga corta para niño,75990.0,,Imagen no disponible,""2T, 3T, 4T, 5T, 6"""
"Bebés,4,18,Sandalia playera de reata para niño,119990.0,,https://offcorss.vtexassets.com/arquivos/ids/852653/41106202-Negro-19-4008_1.jpg?v=638515688059670000,""22, 23, 24, 25, 26, 27, 28, 29"""
"Bebés,4,19,Sandalia playera de reata para niño,119990.0,,https://offcorss.vtexassets.com/arquivos/ids/852629/41106201-Verde-19-5406_1.jpg?v=638515687961170000,""22, 23, 24, 25, 26, 27, 28, 29, 21"""
"Bebés,4,20,Pantalón tipo parachute para niño,115990.0,,Imagen no disponible,""2T, 3T, 4T, 5T, 6"""
"Bebés,4,21,Camisa manga corta para niño,62993.0,89990.0,https://offcorss.vtexassets.com/arquivos/ids/867411/41047981-Rosado-13-1406_1.jpg?v=638617466507730000,""12M, 18M, 24M, 2T, 3T, 4T, 5T, 6, 6-9M"""
"Bebés,4,22,Pantaloneta de baño para niño,95990.0,,Imagen no disponible,""2T, 3T, 4T, 5T, 6"""
"Bebés,4,23,Sweater para niño,139990.0,,Imagen no disponible,""XS, XXS"""
"Bebés,4,24,Pantaloneta de baño doble faz para niño,109990.0,,Imagen no disponible,""2T, 3T, 4T, 5T, 6"""
"Bebés,5,1,Camiseta de baño manga larga para niño,99990.0,,Imagen no disponible,""2T, 3T, 4T, 5T, 6"""
"Bebés,5,2,Camiseta de baño manga larga para niño,105990.0,,Imagen no disponible,""2T, 3T, 4T, 5T, 6"""
"Bebés,5,3,Camiseta de baño manga larga para niño,105990.0,,Imagen no disponible,""2T, 3T, 4T, 5T, 6"""
"Bebés,5,4,Camisa manga corta para niño,89990.0,,Imagen no disponible,""2T, 3T, 4T, 5T, 6"""
"Bebés,5,5,Pantaloneta de baño doble faz para niño,109990.0,,Imagen no disponible,""2T, 3T, 4T, 5T, 6"""
"Bebés,5,6,Sudadera para niño,71994.0,119990.0,Imagen no disponible,""XS, XXS"""
"Bebés,5,7,Camiseta manga sisa para niño,32193.0,45990.0,Imagen no disponible,""2T, 3T, 4T, 5T, 6"""
"Bebés,5,8,Camiseta manga sisa para niño,32193.0,45990.0,Imagen no disponible,""2T, 3T, 4T, 5T, 6"""
"Bebés,5,9,Camisa manga corta para niño,89990.0,,Imagen no disponible,""2T, 3T, 4T, 5T, 6"""
"Bebés,5,10,Buzo abierto con capucha para niño,109990.0,,Imagen no disponible,""2T, 3T, 4T, 5T, 6"""
"Bebés,5,11,Camiseta manga corta para niño,49990.0,,Imagen no disponible,""2T, 3T, 4T, 5T, 6"""
"Bebés,5,12,Chaqueta en denim con bolsillos para niño,149990.0,,Imagen no disponible,""L, M, S"""
"Bebés,5,13,Denim silueta jogger con rotos para niño,119990.0,,Imagen no disponible,""2T, 3T, 4T, 5T, 6"""
"Bebés,5,14,Pantalón de sudadera para niño,89990.0,,Imagen no disponible,""2T, 3T, 4T, 5T, 6"""
"Bebés,5,15,Bermuda silueta cargo para niño,99990.0,,Imagen no disponible,""2T, 3T, 4T, 5T, 6"""
"Bebés,5,16,Bermuda con bolsillos para niño,65990.0,,Imagen no disponible,""2T, 3T, 4T, 5T, 6"""
"Bebés,5,17,Conjunto de buzo cerrado + sudadera para niño,179990.0,,Imagen no disponible,""2T, 3T, 4T, 5T, 6"""
"Bebés,5,18,Camiseta manga corta para niño,49990.0,,Imagen no disponible,""2T, 3T, 4T, 5T, 6"""
"Bebés,5,19,Camiseta manga corta para niño,49990.0,,Imagen no disponible,""2T, 3T, 4T, 5T, 6"""
"Bebés,5,20,Camisa manga corta para niño,89990.0,,Imagen no disponible,""2T, 3T, 4T, 5T, 6"""
"Bebés,5,21,Conjunto de camiseta oversize + bermuda para niño,109990.0,,Imagen no disponible,""2T, 3T, 4T, 5T, 6"""
"Bebés,5,22,Camiseta manga corta para niño,49990.0,,Imagen no disponible,""2T, 3T, 4T, 5T, 6"""
"Bebés,5,23,Camiseta tipo polo para niño,75990.0,,Imagen no disponible,""2T, 3T, 4T, 5T, 6"""
"Bebés,5,24,Camiseta manga corta para niño,49990.0,,Imagen no disponible,""2T, 3T, 4T, 5T, 6"""
"Bebés,6,1,Camiseta tipo polo para niño,75990.0,,Imagen no disponible,""2T, 3T, 4T, 5T, 6"""
"Bebés,6,2,Camiseta oversize manga corta para niño,49990.0,,Imagen no disponible,""2T, 3T, 4T, 5T, 6"""
"Bebés,6,3,Tenis casuales para niño,135990.0,,Imagen no disponible,""22, 23, 24, 25, 26, 27, 28, 29"""
"Bebés,6,4,Denim silueta slim para niño,119990.0,,Imagen no disponible,""2T, 3T, 4T, 5T, 6"""
"Bebés,6,5,Camiseta manga corta para niño,49990.0,,https://offcorss.vtexassets.com/arquivos/ids/834957/41337291-Amarillo-11-0604_1.jpg?v=638446404841930000,""2T, 3T, 4T, 5T, 6"""
"Bebés,6,6,Tenis casuales para niño,135990.0,,Imagen no disponible,""22, 23, 24, 25, 26, 27, 28, 29"""
"Bebés,6,7,Sudadera para niño,89990.0,,Imagen no disponible,""2T, 3T, 4T, 5T, 6"""
"Bebés,6,8,Camiseta manga corta para niño,49990.0,,Imagen no disponible,""2T, 3T, 4T, 5T, 6, 8"""
"Bebés,6,9,Camiseta manga corta para niño,49990.0,,Imagen no disponible,""2T, 3T, 4T, 5T, 6"""
"Bebés,6,10,Denim silueta wide leg para niño,119990.0,,https://offcorss.vtexassets.com/arquivos/ids/834997/41361411-Indigo-Oscuro_1.jpg?v=638446405030830000,""2T, 3T, 4T, 5T, 6"""
"Bebés,6,11,Overall largo para niño,145990.0,,Imagen no disponible,""10, 2T, 3T, 4T, 5T, 6, 8"""
"Bebés,6,12,Pantalón para niño,109990.0,,Imagen no disponible,""2T, 3T, 4T, 5T, 6"""
"Bebés,6,13,Buzo cerrado sin capucha para niño,95990.0,,https://offcorss.vtexassets.com/arquivos/ids/838402/41531001-Azul-19-4150_10.jpg?v=638449056126100000,""2T, 3T, 4T, 5T, 6"""
"Bebés,6,14,Buzo cerrado con capucha para niño,105990.0,,https://offcorss.vtexassets.com/arquivos/ids/838398/41530991-Verde-13-0111_10.jpg?v=638449048091000000,""2T, 3T, 4T, 5T, 6"""
"Bebés,6,15,Chaqueta acolchada para niño,215990.0,,https://offcorss.vtexassets.com/arquivos/ids/835007/41530891-Cafe-12-0601_1.jpg?v=638446405084370000,""2T, 3T, 4T, 5T, 6"""
"Bebés,6,16,Chaqueta blazer para niño,149990.0,,Imagen no disponible,""2T, 3T, 4T, 5T, 6"""
"Bebés,6,17,Tenis bota para niño,149990.0,,Imagen no disponible,""22, 23, 24, 25, 26, 27, 28, 29"""
"Bebés,6,18,Correa para niño,49990.0,,Imagen no disponible,""L, M, S"""
"Bebés,6,19,Camisa manga larga con corbatín para niño,116990.0,,Imagen no disponible,""2T, 3T, 4T, 5T, 6"""
"Bebés,6,20,Bermuda para niño,105990.0,,Imagen no disponible,""2T, 3T, 4T, 5T, 6"""
"Bebés,6,21,Chaqueta beisbolera para niño,165990.0,,https://offcorss.vtexassets.com/arquivos/ids/838410/41531021-Cafe-16-1010_10.jpg?v=638449075158870000,""2T, 3T, 4T, 5T, 6"""
"Bebés,6,22,Botas plásticas impermeables para niño,102193.0,145990.0,Imagen no disponible,""21, 22, 23, 24, 25, 26, 27, 28, 29, 30, 31, 32, 33"""
"Bebés,6,23,Chaqueta acolchada para niño,199990.0,,https://offcorss.vtexassets.com/arquivos/ids/835022/41530901-Gris-16-0000_1.jpg?v=638446405150770000,""2T, 3T, 4T, 5T, 6"""
"Bebés,6,24,Pantalón para niño,109990.0,,Imagen no disponible,""2T, 3T, 4T, 5T, 6"""
"Bebés,7,1,Camiseta manga corta para niño,49990.0,,Imagen no disponible,""2T, 3T, 4T, 5T, 6"""
"Bebés,7,2,Camiseta polo manga corta para niño,75990.0,,Imagen no disponible,""2T, 3T, 4T, 5T, 6"""
"Bebés,7,3,Camiseta manga corta para niño,49990.0,,Imagen no disponible,""2T, 3T, 4T, 5T, 6"""
"Bebés,7,4,Buzo abierto con capucha para niño,109990.0,,https://offcorss.vtexassets.com/arquivos/ids/835032/41531011-Amarillo-11-0604_1.jpg?v=638446405197800000,""2T, 3T, 4T, 5T, 6"""
"Bebés,7,5,Bermuda para niño,95990.0,,Imagen no disponible,""2T, 3T, 4T, 5T, 6"""
"Bebés,7,6,Conjunto de camiseta + bermuda para niño,119990.0,,Imagen no disponible,""2T, 3T, 4T, 5T, 6, 8"""
"Bebés,7,7,Camiseta manga corta para niño,49990.0,,Imagen no disponible,""2T, 3T, 4T, 5T, 6, 8"""
"Bebés,7,8,Conjunto de camiseta + sudadera para niño,129990.0,,Imagen no disponible,""2T, 3T, 4T, 5T, 6"""
"Bebés,7,9,Botas plásticas impermeables para niño,145990.0,,Imagen no disponible,""21, 22, 23, 24, 25, 26, 27, 28, 29, 30, 31, 32, 33"""
"Bebés,7,10,Bermuda para niño,95990.0,,https://offcorss.vtexassets.com/arquivos/ids/838057/41058571-Azul-19-3921_1.jpg?v=638448393600230000,""2T, 3T, 4T, 5T, 6"""
"Bebés,7,11,Conjunto de camiseta + bermuda para niño,145990.0,,Imagen no disponible,""2T, 3T, 4T, 5T, 6"""
"Bebés,7,12,Tenis casuales para niño,139990.0,,Imagen no disponible,""22, 23, 24, 25, 26, 27, 28, 29"""
"Bebés,7,13,Camisa manga larga con corbatín para niño,116990.0,,Imagen no disponible,""2T, 3T, 4T, 5T, 6"""
"Bebés,7,14,Bermuda para niño,105990.0,,Imagen no disponible,""2T, 3T, 4T, 5T, 6"""
"Bebés,7,15,Camiseta polo manga corta para niño,75990.0,,Imagen no disponible,""2T, 3T, 4T, 5T, 6"""
"Bebés,7,16,Medias caña larga para niño,16990.0,,https://offcorss.vtexassets.com/arquivos/ids/838117/41193121-Amarillo-11-0604_1.jpg?v=638448393907800000,""2T-3T, 4T-5T"""
"Bebés,7,17,Set x2 medias tobilleras para niño,26990.0,,https://offcorss.vtexassets.com/arquivos/ids/838123/41193131-Blanco-10-0000_1.jpg?v=638448393935600000,""2T-3T, 4T-5T"""
"Bebés,7,18,Camiseta manga corta para niño,49990.0,,Imagen no disponible,""2T, 3T, 4T, 5T, 6"""
"Bebés,7,19,Bermuda deportiva con lycra interna para niño,63594.0,105990.0,Imagen no disponible,""XS, XXS"""
"Bebés,7,20,Pantalón de sudadera para niño,89994.0,149990.0,https://offcorss.vtexassets.com/arquivos/ids/858677/51270021-Gris-15-4703_1.jpg?v=638562214269400000,""XS, XXS"""
"Bebés,7,21,Pantaloneta de baño para niño,99990.0,,Imagen no disponible,""2T, 3T, 4T, 5T, 6"""
"Bebés,7,22,Set x 2 Boxer para niño,55990.0,,https://offcorss.vtexassets.com/arquivos/ids/827183/41201081-Negro-19-4008_1.jpg?v=638386880232570000,""L, M, S"""
"Bebés,7,23,Set x 2 Boxer para niño,55990.0,,https://offcorss.vtexassets.com/arquivos/ids/826601/41201082-Azul-19-4024_1.jpg?v=638385019789530000,""L, M, S"""
"Bebés,7,24,Set x 3 Boxer para niño,79990.0,,https://offcorss.vtexassets.com/arquivos/ids/827195/41201091-Gris-Jaspe_1.jpg?v=638386880396730000,""L, M, S"""
"Bebés,8,1,Camiseta manga corta para niño,39990.0,,https://offcorss.vtexassets.com/arquivos/ids/826628/41336921-Blanco-10-0000_1.jpg?v=638385019910570000,""2T, 3T, 4T, 5T, 6"""
"Bebés,8,2,Camiseta manga sisa para niño,35990.0,,https://offcorss.vtexassets.com/arquivos/ids/826613/41336911-Blanco-10-0000_1.jpg?v=638385019851800000,""2T, 3T, 4T, 5T, 6"""
"Niñas,1,1,Vestido de tiras para niña,115990.0,,Imagen no disponible,""10, 12, 14, 16, 8"""
"Niñas,1,2,Pantalón para niña wide leg con prenses,135990.0,,Imagen no disponible,""10, 12, 14, 16, 8"""
"Niñas,1,3,Camisa para niña con espalda cruzada,99990.0,,Imagen no disponible,""10, 12, 14, 16, 8"""
"Niñas,1,4,Camiseta para niña con bordado,69990.0,,Imagen no disponible,""10, 12, 14, 16, 8"""
"Niñas,1,5,Conjunto para niña de camiseta + falda,149990.0,,Imagen no disponible,""10, 12, 14, 16, 8"""
"Niñas,1,6,Short para niña en denim con cortes,115990.0,,Imagen no disponible,""10, 12, 14, 16, 8"""
"Niñas,1,7,Short para niña con bolsilos,115990.0,,Imagen no disponible,""10, 12, 14, 16, 8"""
"Niñas,1,8,Body para niña con abertura en espalda,90990.0,,Imagen no disponible,""10, 12, 14, 16, 8"""
"Niñas,1,9,Buzo para niña cerrado con cuello alto,115990.0,,Imagen no disponible,""10, 12, 14, 16, 8"""
"Niñas,1,10,Enterizo para niña,140990.0,,Imagen no disponible,""10, 12, 14, 16, 8"""
"Niñas,1,11,Short para niña con prenses,99990.0,,Imagen no disponible,""10, 12, 14, 16, 8"""
"Niñas,1,12,Jean para niña wide leg con bolsillos,149990.0,,Imagen no disponible,""10, 12, 14, 16, 8"""
"Niñas,1,13,Chaqueta blazer para niña con bolsillos,155990.0,,Imagen no disponible,""L, M, S, XS, XXS"""
"Niñas,1,14,Pantalón para niña recto con bolsillos de parche,135990.0,,Imagen no disponible,""10, 12, 14, 16, 8"""
"Niñas,1,15,Camiseta para niña con bordado,69990.0,,Imagen no disponible,""10, 12, 14, 16, 8"""
"Niñas,1,16,Camiseta crop top para niña,49990.0,,Imagen no disponible,""10, 12, 14, 16, 8"""
"Niñas,1,17,Camiseta crop top para niña,49990.0,,Imagen no disponible,""10, 12, 14, 16, 8"""
"Niñas,1,18,Camisa para niña con detalle de nido de abejas,99990.0,,Imagen no disponible,""10, 12, 14, 16, 8"""
"Niñas,1,19,Tenis deportivos para niña,169990.0,,Imagen no disponible,""30, 31, 32, 33, 34, 35, 36, 37, 38, 39"""
"Niñas,1,20,Camiseta para niña manga corta,59990.0,,Imagen no disponible,""10, 12, 14, 16, 8"""
"Niñas,1,21,Jean para niña skinny con detalles en glitter,145990.0,,Imagen no disponible,""10, 12, 14, 16, 8"""
"Niñas,1,22,Gorra para niña,55990.0,,Imagen no disponible,""L, M, S"""
"Niñas,1,23,Sandalias para niña con correas,135990.0,,Imagen no disponible,""30, 31, 32, 33, 34, 35, 36, 37"""
"Niñas,1,24,Conjunto para niña de camiseta + jardinera,145990.0,,Imagen no disponible,""10, 12, 14, 16, 8"""
"Niñas,2,1,Conjunto para niña de camiseta + overol,165990.0,,Imagen no disponible,""10, 12, 14, 16, 8"""
"Niñas,2,2,Chaqueta parka para niña,189990.0,,Imagen no disponible,""L, M, S, XS, XXS"""
"Niñas,2,3,Jean para niña Skinny con detalle en botas,145990.0,,Imagen no disponible,""10, 12, 14, 16, 8"""
"Niñas,2,4,Tenis casuales para niña metalizados con luces,165990.0,,Imagen no disponible,""30, 31, 32, 33, 34, 35, 36"""
"Niñas,2,5,Camiseta crop top para niña,49990.0,,Imagen no disponible,""10, 12, 14, 16, 8"""
"Niñas,2,6,Camiseta crop top para niña,59990.0,,Imagen no disponible,""10, 12, 14, 16, 8"""
"Niñas,2,7,Pantalón para niña wide leg con bolsillos cargo,139990.0,,Imagen no disponible,""10, 12, 14, 16, 8"""
"Niñas,2,8,Camiseta para niña manga corta,69990.0,,Imagen no disponible,""10, 12, 14, 16, 8"""
"Niñas,2,9,Tenis para niña casuales,175990.0,,Imagen no disponible,""30, 31, 32, 33, 34, 35, 36, 37, 38, 39"""
"Niñas,2,10,Vestido para niña con abertura en espalda,125990.0,,Imagen no disponible,""10, 12, 14, 16, 8"""
"Niñas,2,11,Camiseta crop top para niña,59990.0,,Imagen no disponible,""10, 12, 14, 16, 8"""
"Niñas,2,12,Camiseta para niña manga corta,59990.0,,Imagen no disponible,""10, 12, 14, 16, 8"""
"Niñas,2,13,Sudadera para niña color rosado,115990.0,,Imagen no disponible,""10, 12, 14, 16, 8"""
"Niñas,2,14,Sudadera para niña color rosado,81193.0,115990.0,https://offcorss.vtexassets.com/arquivos/ids/864079/52270631-Rosado-12-1305_1.jpg?v=638605571655600000,""10, 12, 14, 16, 8"""
"Niñas,2,15,Tenis para niña casuales con bloques de color,165990.0,,Imagen no disponible,""30, 31, 32, 33, 34, 35, 36, 37, 38, 39"""
"Niñas,2,16,Tenis para niña casuales con bloques de color,159990.0,,Imagen no disponible,""30, 31, 32, 33, 34, 35, 36, 37, 38, 39"""
"Niñas,2,17,Chaleco para niña oversize,139990.0,,Imagen no disponible,""L, M, S"""
"Niñas,2,18,Botas para niña con elástico en laterales con correa,179990.0,,Imagen no disponible,""30, 31, 32, 33, 34, 35, 36, 37, 38, 39"""
"Niñas,2,19,Chaqueta para niña acolchada,175990.0,,Imagen no disponible,""L, M, S"""
"Niñas,2,20,Tenis para niña caña alta con cordones en contraste,175990.0,,Imagen no disponible,""30, 31, 32, 33, 34, 35, 36, 37, 38, 39"""
"Niñas,2,21,Disfraz de safari para niña,149990.0,,Imagen no disponible,""10, 12, 14, 16, 8"""
"Niñas,2,22,Chaqueta para niña acolchada,175990.0,,Imagen no disponible,""L, M, S"""
"Niñas,2,23,Buzo para niña oversize con corte asimétrico,109990.0,,Imagen no disponible,""10, 12, 14, 16, 8"""
"Niñas,2,24,Jean wide leg para niña con abertura en botas,149990.0,,Imagen no disponible,""10, 12, 14, 16, 8"""
"Niños,1,1,Chaqueta para niño tipo bomber,219990.0,,Imagen no disponible,""L, M, S, XS, XXS"""
"Niños,1,2,Camisa para niño manga corta,95990.0,,Imagen no disponible,""10, 12, 14, 16, 8"""
"Niños,1,3,Camisa para niño manga larga con corbatín,129990.0,,Imagen no disponible,""10, 12, 14, 16, 8"""
"Niños,1,4,Correa para niño,59990.0,,Imagen no disponible,""L, M, S, XS, XXS"""
"Niños,1,5,Camisa para niño manga corta con corbatin,109990.0,,Imagen no disponible,""10, 12, 14, 16, 8"""
"Niños,1,6,Buzo para niño abierto con capucha,129990.0,,Imagen no disponible,""10, 12, 14, 16, 8"""
"Niños,1,7,Pantalón clásico para niño,125990.0,,Imagen no disponible,""10, 12, 14, 16, 8"""
"Niños,1,8,Tenis para niño casuales,165990.0,,Imagen no disponible,""30, 31, 32, 33, 34, 35, 36, 37, 38, 39"""
"Niños,1,9,Tenis deportivos para niño,169990.0,,Imagen no disponible,""30, 31, 32, 33, 34, 35, 36, 37, 38, 39"""
"Niños,1,10,Camiseta para niño manga corta,59990.0,,Imagen no disponible,""10, 12, 14, 16, 8"""
"Niños,1,11,Camisa para niño manga corta,95990.0,,Imagen no disponible,""10, 12, 14, 16, 8"""
"Niños,1,12,Tenis bota para niño,175990.0,,Imagen no disponible,""30, 31, 32, 33, 34, 35, 36, 37, 38, 39"""
"Niños,1,13,Conjunto para niño de camiseta + bermuda,149990.0,,Imagen no disponible,""10, 12, 14, 16, 8"""
"Niños,1,14,Camiseta tipo polo para niño,79990.0,,Imagen no disponible,""10, 12, 14, 16, 8"""
"Niños,1,15,Camisa para niño manga corta con corbatin,109990.0,,Imagen no disponible,""10, 12, 14, 16, 8"""
"Niños,1,16,Camiseta tipo polo para niño,79990.0,,Imagen no disponible,""10, 12, 14, 16, 8"""
"Niños,1,17,Sudadera para niño con estampado,115990.0,,Imagen no disponible,""10, 12, 14, 16, 8"""
"Niños,1,18,Camiseta para niño manga corta efecto tie dye,65990.0,,Imagen no disponible,""10, 12, 14, 16, 8"""
"Niños,1,19,Conjunto para niño de camiseta + sudadera,159990.0,,Imagen no disponible,""10, 12, 14, 16, 8"""
"Niños,1,20,Camiseta para niño manga corta con bolsillo,59990.0,,Imagen no disponible,""10, 12, 14, 16, 8"""
"Niños,1,21,Jogger para niño con cordón,145990.0,,Imagen no disponible,""10, 12, 14, 16, 8"""
"Niños,1,22,Bermuda para niño con bolsillos cargo,115990.0,,Imagen no disponible,""10, 12, 14, 16, 8"""
"Niños,1,23,Camisa para niño manga larga con bolsillo,109990.0,,Imagen no disponible,""12, 10, 14, 16, 8"""
"Niños,1,24,Tenis casuales para niño,159990.0,,Imagen no disponible,""30, 31, 32, 33, 34, 35, 36, 37, 38, 39"""
"Niños,2,1,Tenis para niño tipo bota,155990.0,,Imagen no disponible,"", 31, 32, 33, 34, 35"""
"Niños,2,2,Camiseta blanca para niño manga corta,59990.0,,Imagen no disponible,""10, 12, 14, 16, 8"""
"Niños,2,3,Jean super slim para niño,139990.0,,Imagen no disponible,""10, 12, 14, 16, 8"""
"Niños,2,4,Camisa para niño manga larga con bolsillo,109990.0,,Imagen no disponible,""12, 10, 14, 16, 8"""
"Niños,2,5,Camiseta para niño manga corta con estampado,59990.0,,Imagen no disponible,""10, 12, 14, 16, 8"""
"Niños,2,6,Jean para niño slim con bolsillos,139990.0,,Imagen no disponible,""10, 12, 14, 16, 8"""
"Niños,2,7,Camiseta para niño manga corta,59990.0,,Imagen no disponible,""10, 12, 14, 16, 8"""
"Niños,2,8,Bermuda para niño,105990.0,,Imagen no disponible,""10, 12, 14, 16, 8"""
"Niños,2,9,Tenis para niño casuales en sintético mate,155990.0,,Imagen no disponible,""30, 31, 32, 33, 34, 35, 36, 37, 38, 39"""
"Niños,2,10,Tenis para niño casuales caña media,175990.0,,Imagen no disponible,""30, 31, 32, 33, 34, 35, 36, 37, 38, 39"""
"Niños,2,11,Tenis para niño casuales mate,159990.0,,Imagen no disponible,""30, 31, 32, 33, 34, 35, 36, 37, 38, 39"""
"Niños,2,12,Chaqueta para niño tipo bomber,175990.0,,Imagen no disponible,""L, M, S"""
"Niños,2,13,Chaleco para niño enguantado,139990.0,,Imagen no disponible,""L, M, S"""
"Niños,2,14,Tenis para niño casuales en sintético mate,155990.0,,Imagen no disponible,""30, 31, 32, 33, 34, 35, 36, 37, 38, 39"""
"Niños,2,15,Medias para niño de transformers caña corta,19990.0,,https://offcorss.vtexassets.com/arquivos/ids/863529/Medias-para-niño-de-transformers-caña-corta-.jpg?v=638600394640700000,""6-8, 8-10, 9-11"""
"Niños,2,16,Chaqueta para niño tipo bomber,175990.0,,Imagen no disponible,""L, M, S"""
"Niños,2,17,Tenis para niño casuales caña media,169990.0,,Imagen no disponible,""30, 31, 32, 33, 34, 35, 36, 37, 38, 39"""
"Niños,2,18,Tenis con luces para niño de transformers caña media,179990.0,,Imagen no disponible,""25, 26, 27, 28, 29, 30, 31, 32, 33, 34, 35"""
"Niños,2,19,Sandalias para niño,64393.0,91990.0,Imagen no disponible,""30, 31, 32, 33, 34, 35, 36, 37, 38, 39"""
"Niños,2,20,Camiseta oversize para niño manga corta,75990.0,,Imagen no disponible,""10, 12, 14, 16, 8"""
"Niños,2,21,Jean wide leg para niño,139990.0,,Imagen no disponible,""10, 12, 14, 16, 8"""
"Niños,2,22,Camiseta para niño de transformers manga corta,65990.0,,Imagen no disponible,""10, 12, 14, 16, 8"""
"Niños,2,23,Buzo de transformers para niño abierto con capucha,169990.0,,Imagen no disponible,""10, 12, 14, 16, 8"""
"Niños,2,24,Camiseta para niño de transformers manga corta,65990.0,,Imagen no disponible,""10, 12, 14, 16, 8"""
"Niños,3,1,Tenis para niño casuales,169990.0,,Imagen no disponible,""30, 31, 32, 33, 34, 35, 36, 37, 38, 39"""
"Niños,3,2,Camiseta oversize para niño manga corta con bolsillo en el frente,75990.0,,Imagen no disponible,""10, 12, 14, 16, 8"""
"Niños,3,3,Jean super slim para niño,139990.0,,https://offcorss.vtexassets.com/arquivos/ids/863580/Jean-super-slim-para-niño.jpg?v=638600394904470000,""10, 12, 14, 16, 8"""
"Niños,3,4,Bermuda para niño con textura,85990.0,,Imagen no disponible,""10, 12, 14, 16, 8"""
"Niños,3,5,Tenis para niño silueta skate,169990.0,,Imagen no disponible,""30, 31, 32, 33, 34, 35, 36, 37, 38, 39"""
"Niños,3,6,Camiseta para niño manga corta,65990.0,,Imagen no disponible,""10, 12, 14, 16, 8"""
"Niños,3,7,Camiseta para niño de transformers manga corta,65990.0,,Imagen no disponible,""10, 12, 14, 16, 8"""
"Niños,3,8,Bermuda para niño,85990.0,,Imagen no disponible,""10, 12, 14, 16, 8"""
"Niños,3,9,Buzo para niño cerrado con capucha,139990.0,,Imagen no disponible,""10, 12, 14, 16, 8"""
"Niños,3,10,Pantalón wide leg para niño,145990.0,,Imagen no disponible,""10, 12, 14, 16, 8"""
"Niños,3,11,Camiseta polo manga corta para niño,79990.0,,https://offcorss.vtexassets.com/arquivos/ids/858687/51343661-Azul-19-3921_1.jpg?v=638562229182100000,""10, 12, 14, 16, 8"""
"Niños,3,12,Sudadera para niño,115990.0,,Imagen no disponible,""10, 12, 14, 16, 8"""
"Niños,3,13,Camiseta para niño manga corta,69990.0,,Imagen no disponible,""10, 12, 14, 16, 8"""
"Niños,3,14,Conjunto para niño de camiseta manga corta + bermuda,159990.0,,Imagen no disponible,""10, 12, 14, 16, 8"""
"Niños,3,15,Camiseta manga corta + máscara para niño,75990.0,,Imagen no disponible,""10, 12, 14, 16, 8"""
"Niños,3,16,Camiseta para niño de transformers manga corta,65990.0,,Imagen no disponible,""10, 12, 14, 16, 8"""
"Niños,3,17,Camiseta polo manga corta para niño,79990.0,,https://offcorss.vtexassets.com/arquivos/ids/858682/51343671-Amarillo-11-0604_1.jpg?v=638562221574000000,""10, 12, 14, 16, 8"""
"Niños,3,18,Camisa para niño manga corta,105990.0,,Imagen no disponible,""10, 12, 14, 16, 8"""
"Niños,3,19,Tenis para niño deportivos,175990.0,,Imagen no disponible,""30, 31, 32, 33, 34, 35, 36, 37, 38, 39"""
"Niños,3,20,Camisa para niño manga larga,129990.0,,Imagen no disponible,""10, 12, 14, 16, 8"""
"Niños,3,21,Camisa para niño manga larga,129990.0,,Imagen no disponible,""10, 12, 14, 16, 8"""
"Niños,3,22,Tenis para niño deportivos,169990.0,,Imagen no disponible,""30, 31, 32, 33, 34, 35, 36, 37, 38, 39"""
"Niños,3,23,Medias para niño caña larga,19990.0,,https://offcorss.vtexassets.com/arquivos/ids/856106/51193392-Amarillo-12-0824_1.jpg?v=638540342494730000,""6-8, 8-10, 9-11"""
"Niños,3,24,Medias para niño caña larga,19990.0,,https://offcorss.vtexassets.com/arquivos/ids/856103/51193391-Azul-13-4304_1.jpg?v=638540342390270000,""6-8, 8-10, 9-11"""
"Niños,4,1,Camiseta para niño manga corta,65990.0,,Imagen no disponible,""10, 12, 14, 16, 8"""
"Niños,4,2,Jean para niño silueta super slim,139990.0,,Imagen no disponible,""10, 12, 14, 16, 8"""
"Niños,4,3,Camiseta para niño tipo polo,79990.0,,Imagen no disponible,""10, 12, 14, 16, 8"""
"Niños,4,4,Sudadera para niño,69594.0,115990.0,Imagen no disponible,""10, 12, 14, 16, 8"""
"Niños,4,5,Medias para niño caña larga,19990.0,,https://offcorss.vtexassets.com/arquivos/ids/856109/51193393-Negro-19-4008_1.jpg?v=638540342630830000,""6-8, 8-10, 9-11"""
"Niños,4,6,Conjunto para niño de camiseta + pantalón,165990.0,,Imagen no disponible,""10, 12, 14, 16, 8"""
"Niños,4,7,Tenis para niño deportivos,175990.0,,Imagen no disponible,""30, 31, 32, 33, 34, 35, 36, 37, 38, 39"""
"Niños,4,8,Bermuda para niño de tie dye,96990.0,,Imagen no disponible,""10, 12, 14, 16, 8"""
"Niños,4,9,Conjunto para niño de camiseta + sudadera,95994.0,159990.0,Imagen no disponible,""10, 12, 14, 16, 8"""
"Niños,4,10,Conjunto para niño de camiseta + bermuda,149990.0,,Imagen no disponible,""10, 12, 14, 16, 8"""
"Niños,4,11,Pantalón para niño con bolsillos,129990.0,,Imagen no disponible,""10, 12, 14, 16, 8"""
"Niños,4,12,Camiseta para niño manga corta con gráfico en espalda,59990.0,,Imagen no disponible,""10, 12, 14, 16, 8"""
"Niños,4,13,Conjunto para niño de camiseta + bermuda,83994.0,139990.0,Imagen no disponible,""10, 12, 14, 16, 8"""
"Niños,4,14,Camisa manga corta para niño,69594.0,115990.0,Imagen no disponible,""10, 12, 14, 16, 8"""
"Niños,4,15,Sandalias playeras para niño plásticas,91990.0,,https://offcorss.vtexassets.com/arquivos/ids/853209/51104783-Blanco-10-0000_1.jpg?v=638515690599330000,""30, 31, 32, 33, 34, 35, 36, 37, 38, 39"""
"Niños,4,16,Jean silueta slim para niño 5 bolsillos,139990.0,,Imagen no disponible,""10, 12, 14, 16, 8"""
"Niños,4,17,Sandalias playeras para niño plásticas,91990.0,,Imagen no disponible,""30, 31, 32, 33, 34, 35, 36, 37, 38, 39"""
"Niños,4,18,Pijama para niño conjunto de camiseta manga corta + bermuda,95990.0,,Imagen no disponible,""10, 12, 14, 16, 8"""
"Niños,4,19,Pijama para niño conjunto de camiseta manga larga + sudadera,105990.0,,Imagen no disponible,""10, 12, 14, 16, 8"""
"Niños,4,20,Camiseta manga corta para niña,65990.0,,Imagen no disponible,""10, 12, 14, 16, 8"""
"Niños,4,21,Pijama para niño conjunto de camiseta manga corta + bermuda,95990.0,,Imagen no disponible,""10, 12, 14, 16, 8"""
"Niños,4,22,Pijama para niño conjunto de camiseta manga larga + pantalón,99990.0,,Imagen no disponible,""10, 12, 14, 16, 8"""
"Niños,4,23,Pijama para niño conjunto de camiseta manga corta + bermuda,95990.0,,Imagen no disponible,""10, 12, 14, 16, 8"""
"Niños,4,24,Pijama para niño conjunto de camiseta manga corta + sudadera,95990.0,,Imagen no disponible,""10, 12, 14, 16, 8"""
"Niños,5,1,Pijama para niño conjunto de camiseta manga larga + pantalón,99990.0,,Imagen no disponible,""10, 12, 14, 16, 8"""
"Niños,5,2,Pantalón parachute para niño,97993.0,139990.0,https://offcorss.vtexassets.com/arquivos/ids/854460/51270291-Negro-19-4008_1.jpg?v=638532400074330000,""10, 12, 14, 16, 8"""
"Niños,5,3,Tenis deportivos para niño,165990.0,,https://offcorss.vtexassets.com/arquivos/ids/853239/51104791-Amarillo-11-0604_1.jpg?v=638515690716670000,""30, 31, 32, 33, 34, 35, 36, 37, 38, 39"""
"Niños,5,4,Pijama para niño conjunto de camiseta manga corta + sudadera,95990.0,,Imagen no disponible,""10, 12, 14, 16, 8"""
"Niños,5,5,Camiseta de baño manga larga para niño,76993.0,109990.0,Imagen no disponible,""10, 12, 14, 16, 8"""
"Niños,5,6,Camiseta de baño manga larga para niño,76993.0,109990.0,Imagen no disponible,""10, 12, 14, 16, 8"""
"Niños,5,7,Camisa manga corta para niño,69993.0,99990.0,Imagen no disponible,""10, 12, 14, 16, 8"""
"Niños,5,8,Camisa manga corta para niño,69993.0,99990.0,Imagen no disponible,""10, 12, 14, 16, 8"""
"Niños,5,9,Camiseta manga sisa para niño,34993.0,49990.0,Imagen no disponible,""10, 12, 14, 16, 8"""
"Niños,5,10,Camiseta manga sisa para niño,34993.0,49990.0,Imagen no disponible,""10, 12, 14, 16, 8"""
"Niños,5,11,Guayos para niño,129990.0,,Imagen no disponible,""25, 26, 27, 28, 29, 30, 31, 32, 33, 34, 35"""
"Niños,5,12,Pantaloneta de baño para niño,90993.0,129990.0,Imagen no disponible,""10, 12, 14, 16, 8"""
"Niños,5,13,Sweater para niño,139990.0,,Imagen no disponible,""L, M, S"""
"Niños,5,14,Pantaloneta de baño para niño,90993.0,129990.0,Imagen no disponible,""10, 12, 14, 16, 8"""
"Niños,5,15,Camiseta de baño manga larga para niño,76993.0,109990.0,Imagen no disponible,""10, 12, 14, 16, 8"""
"Niños,5,16,Camisa manga corta para niño,69993.0,99990.0,Imagen no disponible,""10, 12, 14, 16, 8"""
"Niños,5,17,Buzo cerrado con capucha para niño,129990.0,,Imagen no disponible,""10, 12, 14, 16, 8"""
"Niños,5,18,Camiseta manga corta con estampado para niño,59990.0,,Imagen no disponible,""10, 12, 14, 16, 8"""
"Niños,5,19,Camiseta oversize para niño,59990.0,,Imagen no disponible,""10, 12, 14, 16, 8"""
"Niños,5,20,Conjunto de camiseta manga corta + bermuda para niño,165990.0,,Imagen no disponible,""10, 12, 14, 16, 8"""
"Niños,5,21,Chaqueta clásica para niño,165990.0,,Imagen no disponible,""L, M, S"""
"Niños,5,22,Tenis casuales mate para niño,159990.0,,Imagen no disponible,""30, 31, 32, 33, 34, 35, 36, 37, 38, 39"""
"Niños,5,23,Denim silueta super slim para niño,139990.0,,Imagen no disponible,""10, 12, 14, 16, 8"""
"Niños,5,24,Camiseta tipo polo para niño,79990.0,,https://offcorss.vtexassets.com/arquivos/ids/840407/51343032-Rosado-11-1408_10.jpg?v=638455156297030000,""10, 12, 14, 16, 8"""
"Niños,6,1,Pantalón de sudadera para niño,115990.0,,Imagen no disponible,""10, 12, 14, 16, 8"""
"Niños,6,2,Bermuda silueta cargo para niño,115990.0,,Imagen no disponible,""10, 12, 14, 16, 8"""
"Niños,6,3,Camiseta manga corta con estampado para niño,59990.0,,Imagen no disponible,""10, 12, 14, 16, 8"""
"Niños,6,4,Bermuda para niño,85990.0,,Imagen no disponible,""10, 12, 14, 16, 8"""
"Niños,6,5,Camiseta tipo polo para niño,79990.0,,Imagen no disponible,""10, 12, 14, 16, 8"""
"Niños,6,6,Pantalón tipo parachute largo para niño,129990.0,,Imagen no disponible,""10, 12, 14, 16, 8"""
"Niños,6,7,Camiseta oversize manga corta para niño,59990.0,,Imagen no disponible,""10, 12, 14, 16, 8"""
"Niños,6,8,Camiseta oversize manga corta para niño,59990.0,,Imagen no disponible,""10, 12, 14, 16, 8"""
"Niños,6,9,Chaqueta abierta con capucha silueta tipo rompevientos para niño,179990.0,,Imagen no disponible,""10, 12, 14, 16, 8"""
"Niños,6,10,Pantalón tipo parachute largo para niño,129990.0,,Imagen no disponible,""10, 12, 14, 16, 8"""
"Niños,6,11,Camiseta manga corta para niño,59990.0,,Imagen no disponible,""10, 12, 14, 16, 8"""
"Niños,6,12,Camiseta manga corta para niño,59990.0,,Imagen no disponible,""10, 12, 14, 16, 8"""
"Niños,6,13,Camiseta manga corta para niño,59990.0,,Imagen no disponible,""10, 12, 14, 16, 8"""
"Niños,6,14,Bermuda para niño,115990.0,,Imagen no disponible,""10, 12, 14, 16, 8"""
"Niños,6,15,Camisa manga corta con corbatín para niño,63594.0,105990.0,Imagen no disponible,""10, 12, 14, 16, 8"""
"Niños,6,16,Camiseta manga corta para niño,59990.0,,Imagen no disponible,""10, 12, 14, 16, 8"""
"Niños,6,17,Sudadera para niño,125990.0,,Imagen no disponible,""10, 12, 14, 16, 8"""
"Niños,6,18,Camiseta polo manga corta para niño,79990.0,,Imagen no disponible,""10, 12, 14, 16, 8"""
"Niños,6,19,Tenis casuales para niño,155990.0,,Imagen no disponible,""30, 31, 32, 33, 34, 35, 36, 37, 38, 39"""
"Niños,6,20,Tenis bota para niño,169990.0,,Imagen no disponible,""30, 31, 32, 33, 34, 35, 36, 37, 38, 39"""
"Niños,6,21,Tenis casuales para niño,155990.0,,Imagen no disponible,""30, 31, 32, 33, 34, 35, 36, 37, 38, 39"""
"Niños,6,22,Medias tobilleras x 2 para niño,26990.0,,https://offcorss.vtexassets.com/arquivos/ids/838204/51193341-Blanco-10-0000_1.jpg?v=638448394301870000,""6/8, 8/10, 9/11"""
"Niños,6,23,Camisa manga larga para niño,115990.0,,Imagen no disponible,""10, 12, 14, 16, 8"""
"Niños,6,24,Camiseta manga corta para niño,59990.0,,Imagen no disponible,""10, 12, 14, 16, 8"""

